source,target,top_n_genes,arm,sample_id,y_true,y_prob
GSE63060,GSE63061,200,target_only,GSM1539752,1,0.47178634874462255
GSE63060,GSE63061,200,target_only,GSM1539545,1,0.6871255525381555
GSE63060,GSE63061,200,target_only,GSM1539487,0,0.06171180388476039
GSE63060,GSE63061,200,target_only,GSM1539773,1,0.1714071098137326
GSE63060,GSE63061,200,target_only,GSM1539523,1,0.9970802090118202
GSE63060,GSE63061,200,target_only,GSM1539453,0,0.8918804600329897
GSE63060,GSE63061,200,target_only,GSM1539720,1,0.17847126043679784
GSE63060,GSE63061,200,target_only,GSM1539711,0,0.9504798471300953
GSE63060,GSE63061,200,target_only,GSM1539537,1,0.9980734971314918
GSE63060,GSE63061,200,target_only,GSM1539769,1,0.1209326352355505
GSE63060,GSE63061,200,target_only,GSM1539686,0,0.36625087942565393
GSE63060,GSE63061,200,target_only,GSM1539471,0,0.015835746721810658
GSE63060,GSE63061,200,target_only,GSM1539780,1,0.6811837292492636
GSE63060,GSE63061,200,target_only,GSM1539491,0,0.8202189406796925
GSE63060,GSE63061,200,target_only,GSM1539525,1,0.9592695367104558
GSE63060,GSE63061,200,target_only,GSM1539460,0,0.7445115020942429
GSE63060,GSE63061,200,target_only,GSM1539768,1,0.8161939243012807
GSE63060,GSE63061,200,target_only,GSM1539607,0,0.7597122688469521
GSE63060,GSE63061,200,target_only,GSM1539496,0,0.9131587263620639
GSE63060,GSE63061,200,target_only,GSM1539604,1,0.07033791839128739
GSE63060,GSE63061,200,target_only,GSM1539555,0,0.6095314201350133
GSE63060,GSE63061,200,target_only,GSM1539510,0,0.7990338357624054
GSE63060,GSE63061,200,target_only,GSM1539714,0,0.864735654200719
GSE63060,GSE63061,200,target_only,GSM1539468,0,0.0341194161576278
GSE63060,GSE63061,200,target_only,GSM1539678,1,0.19189196916439472
GSE63060,GSE63061,200,target_only,GSM1539647,1,0.9991555037642328
GSE63060,GSE63061,200,target_only,GSM1539702,0,0.256741888539105
GSE63060,GSE63061,200,target_only,GSM1539514,1,0.019988259544890957
GSE63060,GSE63061,200,target_only,GSM1539616,1,0.37445934007914233
GSE63060,GSE63061,200,target_only,GSM1539733,1,0.028310591800394736
GSE63060,GSE63061,200,target_only,GSM1539502,0,0.8963666930752469
GSE63060,GSE63061,200,target_only,GSM1539603,0,0.22456154549211751
GSE63060,GSE63061,200,target_only,GSM1539685,0,0.8850194149709614
GSE63060,GSE63061,200,target_only,GSM1539498,0,0.00019375456128792063
GSE63060,GSE63061,200,target_only,GSM1539515,1,0.34665141966776203
GSE63060,GSE63061,200,target_only,GSM1539582,1,0.9989304655952163
GSE63060,GSE63061,200,target_only,GSM1539516,1,0.06842529081272652
GSE63060,GSE63061,200,target_only,GSM1539533,1,0.002214411413569985
GSE63060,GSE63061,200,target_only,GSM1539480,0,0.9897781841545092
GSE63060,GSE63061,200,target_only,GSM1539511,1,0.9769403419678023
GSE63060,GSE63061,200,target_only,GSM1539699,0,0.8067991351471724
GSE63060,GSE63061,200,target_only,GSM1539593,1,0.9992369545200425
GSE63060,GSE63061,200,target_only,GSM1539581,1,0.7716410453369039
GSE63060,GSE63061,200,target_only,GSM1539459,0,0.4072410053340783
GSE63060,GSE63061,200,target_only,GSM1539770,0,0.18006155296953746
GSE63060,GSE63061,200,target_only,GSM1539546,1,0.3114798873552976
GSE63060,GSE63061,200,target_only,GSM1539440,0,0.8132994629848772
GSE63060,GSE63061,200,target_only,GSM1539715,0,0.8557894360312812
GSE63060,GSE63061,200,target_only,GSM1539788,1,0.6176860070707589
GSE63060,GSE63061,200,target_only,GSM1539605,0,0.025645437432357795
GSE63060,GSE63061,200,target_only,GSM1539673,1,0.96263354517286
GSE63060,GSE63061,200,target_only,GSM1539621,0,0.01773740685513013
GSE63060,GSE63061,200,target_only,GSM1539539,1,0.9740488855202043
GSE63060,GSE63061,200,target_only,GSM1539462,0,0.8998975266531198
GSE63060,GSE63061,200,target_only,GSM1539560,1,0.5123796706344054
GSE63060,GSE63061,200,target_only,GSM1539497,0,0.011736715376129404
GSE63060,GSE63061,200,target_only,GSM1539570,1,0.9680202678873088
GSE63060,GSE63061,200,target_only,GSM1539617,0,0.005360414457506932
GSE63060,GSE63061,200,target_only,GSM1539562,1,0.9903019336507557
GSE63060,GSE63061,200,target_only,GSM1539779,0,1.7084353948734272e-06
GSE63060,GSE63061,200,target_only,GSM1539596,0,0.07993592694182801
GSE63060,GSE63061,200,target_only,GSM1539763,1,0.996440129822125
GSE63060,GSE63061,200,target_only,GSM1539762,0,0.0053098633313576026
GSE63060,GSE63061,200,target_only,GSM1539727,1,0.4017593809620306
GSE63060,GSE63061,200,target_only,GSM1539697,1,0.8004321165449713
GSE63060,GSE63061,200,target_only,GSM1539542,1,0.9878734616857017
GSE63060,GSE63061,200,target_only,GSM1539796,0,0.46697752408361354
GSE63060,GSE63061,200,target_only,GSM1539569,0,0.12778725656254292
GSE63060,GSE63061,200,target_only,GSM1539441,0,0.31149854887352957
GSE63060,GSE63061,200,target_only,GSM1539745,0,0.013792755420133833
GSE63060,GSE63061,200,target_only,GSM1539649,0,0.8629166443544081
GSE63060,GSE63061,200,target_only,GSM1539538,1,0.00914971040531343
GSE63060,GSE63061,200,target_only,GSM1539713,1,0.9497081769262241
GSE63060,GSE63061,200,target_only,GSM1539718,1,0.8907717388737569
GSE63060,GSE63061,200,target_only,GSM1539692,1,0.012935555615000803
GSE63060,GSE63061,200,target_only,GSM1539626,1,0.5584258190032377
GSE63060,GSE63061,200,target_only,GSM1539619,1,0.9999967703781096
GSE63060,GSE63061,200,target_only,GSM1539757,0,0.432565598506306
GSE63060,GSE63061,200,target_only,GSM1539777,1,0.9805136416858524
GSE63060,GSE63061,200,target_only,GSM1539634,1,0.9473668458932946
GSE63060,GSE63061,200,target_only,GSM1539476,0,0.4625466660500051
GSE63060,GSE63061,200,target_only,GSM1539670,0,0.0004379477288369261
GSE63060,GSE63061,200,source_only,GSM1539752,1,0.9449428651263005
GSE63060,GSE63061,200,source_only,GSM1539545,1,0.008350399750986476
GSE63060,GSE63061,200,source_only,GSM1539487,0,0.008115793780410215
GSE63060,GSE63061,200,source_only,GSM1539773,1,0.00042835866388810394
GSE63060,GSE63061,200,source_only,GSM1539523,1,0.07897708895819831
GSE63060,GSE63061,200,source_only,GSM1539453,0,0.001791651982728431
GSE63060,GSE63061,200,source_only,GSM1539720,1,0.0024406912909839817
GSE63060,GSE63061,200,source_only,GSM1539711,0,3.3369754054370783e-06
GSE63060,GSE63061,200,source_only,GSM1539537,1,0.4607825410033
GSE63060,GSE63061,200,source_only,GSM1539769,1,0.4120248948952409
GSE63060,GSE63061,200,source_only,GSM1539686,0,0.0034052626054312664
GSE63060,GSE63061,200,source_only,GSM1539471,0,0.0021603173674573004
GSE63060,GSE63061,200,source_only,GSM1539780,1,0.019910887146355416
GSE63060,GSE63061,200,source_only,GSM1539491,0,0.0018952456875692477
GSE63060,GSE63061,200,source_only,GSM1539525,1,0.21136960464707316
GSE63060,GSE63061,200,source_only,GSM1539460,0,0.0009745450540792293
GSE63060,GSE63061,200,source_only,GSM1539768,1,0.9543328845030736
GSE63060,GSE63061,200,source_only,GSM1539607,0,0.0012783306295743309
GSE63060,GSE63061,200,source_only,GSM1539496,0,0.00035141712116544327
GSE63060,GSE63061,200,source_only,GSM1539604,1,2.7778058726074175e-05
GSE63060,GSE63061,200,source_only,GSM1539555,0,0.0005957588275391578
GSE63060,GSE63061,200,source_only,GSM1539510,0,0.0772230894979437
GSE63060,GSE63061,200,source_only,GSM1539714,0,0.02019755936991655
GSE63060,GSE63061,200,source_only,GSM1539468,0,0.007786405994152026
GSE63060,GSE63061,200,source_only,GSM1539678,1,0.0007869265544879514
GSE63060,GSE63061,200,source_only,GSM1539647,1,0.36015245873318025
GSE63060,GSE63061,200,source_only,GSM1539702,0,0.00386459591181604
GSE63060,GSE63061,200,source_only,GSM1539514,1,0.10096784400595861
GSE63060,GSE63061,200,source_only,GSM1539616,1,0.008037075796100308
GSE63060,GSE63061,200,source_only,GSM1539733,1,0.0006322679011720527
GSE63060,GSE63061,200,source_only,GSM1539502,0,1.0372159399272867e-06
GSE63060,GSE63061,200,source_only,GSM1539603,0,0.010275362561341464
GSE63060,GSE63061,200,source_only,GSM1539685,0,8.86755078675754e-05
GSE63060,GSE63061,200,source_only,GSM1539498,0,0.16675695140233235
GSE63060,GSE63061,200,source_only,GSM1539515,1,0.0004977620515155198
GSE63060,GSE63061,200,source_only,GSM1539582,1,0.6968936492075907
GSE63060,GSE63061,200,source_only,GSM1539516,1,0.0002410561199784381
GSE63060,GSE63061,200,source_only,GSM1539533,1,0.00045827905692811133
GSE63060,GSE63061,200,source_only,GSM1539480,0,0.004632926428840215
GSE63060,GSE63061,200,source_only,GSM1539511,1,0.007116045748146052
GSE63060,GSE63061,200,source_only,GSM1539699,0,0.12514084441387238
GSE63060,GSE63061,200,source_only,GSM1539593,1,0.06546236866922422
GSE63060,GSE63061,200,source_only,GSM1539581,1,0.358662417451275
GSE63060,GSE63061,200,source_only,GSM1539459,0,0.002973178242514591
GSE63060,GSE63061,200,source_only,GSM1539770,0,0.00042117206000159434
GSE63060,GSE63061,200,source_only,GSM1539546,1,0.00011066393343875638
GSE63060,GSE63061,200,source_only,GSM1539440,0,0.15289858397345266
GSE63060,GSE63061,200,source_only,GSM1539715,0,0.25362686896330855
GSE63060,GSE63061,200,source_only,GSM1539788,1,0.0007716705924673417
GSE63060,GSE63061,200,source_only,GSM1539605,0,0.01091779393531727
GSE63060,GSE63061,200,source_only,GSM1539673,1,0.008076735596627953
GSE63060,GSE63061,200,source_only,GSM1539621,0,0.0026681565847042586
GSE63060,GSE63061,200,source_only,GSM1539539,1,0.03695224925859602
GSE63060,GSE63061,200,source_only,GSM1539462,0,0.005237798206796123
GSE63060,GSE63061,200,source_only,GSM1539560,1,0.9860399374894194
GSE63060,GSE63061,200,source_only,GSM1539497,0,0.00033446949038810106
GSE63060,GSE63061,200,source_only,GSM1539570,1,0.00019157491150381155
GSE63060,GSE63061,200,source_only,GSM1539617,0,8.492334940310118e-05
GSE63060,GSE63061,200,source_only,GSM1539562,1,0.0038360166749925105
GSE63060,GSE63061,200,source_only,GSM1539779,0,1.1652508207870819e-06
GSE63060,GSE63061,200,source_only,GSM1539596,0,0.01124667833764152
GSE63060,GSE63061,200,source_only,GSM1539763,1,0.9649417886564285
GSE63060,GSE63061,200,source_only,GSM1539762,0,4.389217779935596e-05
GSE63060,GSE63061,200,source_only,GSM1539727,1,0.578108889182231
GSE63060,GSE63061,200,source_only,GSM1539697,1,0.9770498533599126
GSE63060,GSE63061,200,source_only,GSM1539542,1,0.004687912941794629
GSE63060,GSE63061,200,source_only,GSM1539796,0,0.0019829118926130416
GSE63060,GSE63061,200,source_only,GSM1539569,0,0.05954181825724678
GSE63060,GSE63061,200,source_only,GSM1539441,0,0.004375949520680679
GSE63060,GSE63061,200,source_only,GSM1539745,0,0.06940490221777722
GSE63060,GSE63061,200,source_only,GSM1539649,0,0.09417211843262464
GSE63060,GSE63061,200,source_only,GSM1539538,1,0.022113706361987576
GSE63060,GSE63061,200,source_only,GSM1539713,1,0.46148274862902555
GSE63060,GSE63061,200,source_only,GSM1539718,1,0.00014186186456110962
GSE63060,GSE63061,200,source_only,GSM1539692,1,0.05798897332954233
GSE63060,GSE63061,200,source_only,GSM1539626,1,0.1415432875730433
GSE63060,GSE63061,200,source_only,GSM1539619,1,0.9989208518802842
GSE63060,GSE63061,200,source_only,GSM1539757,0,0.06851958023828135
GSE63060,GSE63061,200,source_only,GSM1539777,1,0.08571088876580603
GSE63060,GSE63061,200,source_only,GSM1539634,1,0.6994550873282068
GSE63060,GSE63061,200,source_only,GSM1539476,0,0.14359795228323627
GSE63060,GSE63061,200,source_only,GSM1539670,0,8.976774322081654e-05
GSE63060,GSE63061,200,source_plus_target,GSM1539752,1,0.9624207930115402
GSE63060,GSE63061,200,source_plus_target,GSM1539545,1,0.616452570597509
GSE63060,GSE63061,200,source_plus_target,GSM1539487,0,0.31340190740708324
GSE63060,GSE63061,200,source_plus_target,GSM1539773,1,0.1534899580124835
GSE63060,GSE63061,200,source_plus_target,GSM1539523,1,0.9841368883019673
GSE63060,GSE63061,200,source_plus_target,GSM1539453,0,0.31761447216009153
GSE63060,GSE63061,200,source_plus_target,GSM1539720,1,0.5562286866907937
GSE63060,GSE63061,200,source_plus_target,GSM1539711,0,0.3276313432734214
GSE63060,GSE63061,200,source_plus_target,GSM1539537,1,0.9745088129357746
GSE63060,GSE63061,200,source_plus_target,GSM1539769,1,0.5898431519965907
GSE63060,GSE63061,200,source_plus_target,GSM1539686,0,0.3418309244988879
GSE63060,GSE63061,200,source_plus_target,GSM1539471,0,0.17263490660063546
GSE63060,GSE63061,200,source_plus_target,GSM1539780,1,0.32151094704356814
GSE63060,GSE63061,200,source_plus_target,GSM1539491,0,0.4268322878183069
GSE63060,GSE63061,200,source_plus_target,GSM1539525,1,0.8663378947635493
GSE63060,GSE63061,200,source_plus_target,GSM1539460,0,0.37031099505436493
GSE63060,GSE63061,200,source_plus_target,GSM1539768,1,0.9670550336711373
GSE63060,GSE63061,200,source_plus_target,GSM1539607,0,0.38731972284104826
GSE63060,GSE63061,200,source_plus_target,GSM1539496,0,0.43551664040387067
GSE63060,GSE63061,200,source_plus_target,GSM1539604,1,0.12056733450340557
GSE63060,GSE63061,200,source_plus_target,GSM1539555,0,0.12760732750764833
GSE63060,GSE63061,200,source_plus_target,GSM1539510,0,0.39289737321977414
GSE63060,GSE63061,200,source_plus_target,GSM1539714,0,0.49177974100715766
GSE63060,GSE63061,200,source_plus_target,GSM1539468,0,0.08006145386730011
GSE63060,GSE63061,200,source_plus_target,GSM1539678,1,0.26154468466739095
GSE63060,GSE63061,200,source_plus_target,GSM1539647,1,0.8777748532769677
GSE63060,GSE63061,200,source_plus_target,GSM1539702,0,0.2922803498163492
GSE63060,GSE63061,200,source_plus_target,GSM1539514,1,0.7624955551751441
GSE63060,GSE63061,200,source_plus_target,GSM1539616,1,0.42012867482991745
GSE63060,GSE63061,200,source_plus_target,GSM1539733,1,0.0654234463671283
GSE63060,GSE63061,200,source_plus_target,GSM1539502,0,0.08481403706352021
GSE63060,GSE63061,200,source_plus_target,GSM1539603,0,0.28826574926318044
GSE63060,GSE63061,200,source_plus_target,GSM1539685,0,0.6485943428133412
GSE63060,GSE63061,200,source_plus_target,GSM1539498,0,0.10857376991207954
GSE63060,GSE63061,200,source_plus_target,GSM1539515,1,0.6506290511426317
GSE63060,GSE63061,200,source_plus_target,GSM1539582,1,0.8926607027976368
GSE63060,GSE63061,200,source_plus_target,GSM1539516,1,0.45431182396515407
GSE63060,GSE63061,200,source_plus_target,GSM1539533,1,0.07696975778837332
GSE63060,GSE63061,200,source_plus_target,GSM1539480,0,0.5800150689290416
GSE63060,GSE63061,200,source_plus_target,GSM1539511,1,0.8369696584413521
GSE63060,GSE63061,200,source_plus_target,GSM1539699,0,0.6982468791734451
GSE63060,GSE63061,200,source_plus_target,GSM1539593,1,0.9733283257049917
GSE63060,GSE63061,200,source_plus_target,GSM1539581,1,0.6311091950361738
GSE63060,GSE63061,200,source_plus_target,GSM1539459,0,0.6727678782842189
GSE63060,GSE63061,200,source_plus_target,GSM1539770,0,0.24728279596032401
GSE63060,GSE63061,200,source_plus_target,GSM1539546,1,0.22966906669729054
GSE63060,GSE63061,200,source_plus_target,GSM1539440,0,0.6790616932135976
GSE63060,GSE63061,200,source_plus_target,GSM1539715,0,0.4393111009056056
GSE63060,GSE63061,200,source_plus_target,GSM1539788,1,0.06233496527990742
GSE63060,GSE63061,200,source_plus_target,GSM1539605,0,0.24024055860893692
GSE63060,GSE63061,200,source_plus_target,GSM1539673,1,0.7411092043819437
GSE63060,GSE63061,200,source_plus_target,GSM1539621,0,0.1604079306511758
GSE63060,GSE63061,200,source_plus_target,GSM1539539,1,0.7005015597058476
GSE63060,GSE63061,200,source_plus_target,GSM1539462,0,0.3146440996632785
GSE63060,GSE63061,200,source_plus_target,GSM1539560,1,0.9371361717441501
GSE63060,GSE63061,200,source_plus_target,GSM1539497,0,0.05044621805479155
GSE63060,GSE63061,200,source_plus_target,GSM1539570,1,0.4904822536773575
GSE63060,GSE63061,200,source_plus_target,GSM1539617,0,0.059244817192882625
GSE63060,GSE63061,200,source_plus_target,GSM1539562,1,0.9696517773435187
GSE63060,GSE63061,200,source_plus_target,GSM1539779,0,0.000879042698328447
GSE63060,GSE63061,200,source_plus_target,GSM1539596,0,0.12092470118095304
GSE63060,GSE63061,200,source_plus_target,GSM1539763,1,0.9986196149439547
GSE63060,GSE63061,200,source_plus_target,GSM1539762,0,0.19791327962212985
GSE63060,GSE63061,200,source_plus_target,GSM1539727,1,0.6765340018939896
GSE63060,GSE63061,200,source_plus_target,GSM1539697,1,0.9882505618309421
GSE63060,GSE63061,200,source_plus_target,GSM1539542,1,0.4522297624029241
GSE63060,GSE63061,200,source_plus_target,GSM1539796,0,0.15352188856269466
GSE63060,GSE63061,200,source_plus_target,GSM1539569,0,0.8277903839016596
GSE63060,GSE63061,200,source_plus_target,GSM1539441,0,0.44280815152028247
GSE63060,GSE63061,200,source_plus_target,GSM1539745,0,0.04776950921196289
GSE63060,GSE63061,200,source_plus_target,GSM1539649,0,0.8328318681300636
GSE63060,GSE63061,200,source_plus_target,GSM1539538,1,0.4622751618542619
GSE63060,GSE63061,200,source_plus_target,GSM1539713,1,0.9572757738338129
GSE63060,GSE63061,200,source_plus_target,GSM1539718,1,0.6545008245382153
GSE63060,GSE63061,200,source_plus_target,GSM1539692,1,0.8062707414668645
GSE63060,GSE63061,200,source_plus_target,GSM1539626,1,0.7360145566528783
GSE63060,GSE63061,200,source_plus_target,GSM1539619,1,0.9995528357149155
GSE63060,GSE63061,200,source_plus_target,GSM1539757,0,0.9391104445577022
GSE63060,GSE63061,200,source_plus_target,GSM1539777,1,0.9562179332472158
GSE63060,GSE63061,200,source_plus_target,GSM1539634,1,0.9402369684559244
GSE63060,GSE63061,200,source_plus_target,GSM1539476,0,0.7533228680471729
GSE63060,GSE63061,200,source_plus_target,GSM1539670,0,0.00821671550959729
GSE63060,GSE63061,200,null_label_permutation,GSM1539752,1,0.8653582122785329
GSE63060,GSE63061,200,null_label_permutation,GSM1539545,1,0.8615517118937146
GSE63060,GSE63061,200,null_label_permutation,GSM1539487,0,0.40249843351310766
GSE63060,GSE63061,200,null_label_permutation,GSM1539773,1,0.039588518992777336
GSE63060,GSE63061,200,null_label_permutation,GSM1539523,1,0.2560583815755172
GSE63060,GSE63061,200,null_label_permutation,GSM1539453,0,0.033325151555242793
GSE63060,GSE63061,200,null_label_permutation,GSM1539720,1,0.839946776498664
GSE63060,GSE63061,200,null_label_permutation,GSM1539711,0,0.24772560290696452
GSE63060,GSE63061,200,null_label_permutation,GSM1539537,1,0.9471837735654115
GSE63060,GSE63061,200,null_label_permutation,GSM1539769,1,0.974519733848197
GSE63060,GSE63061,200,null_label_permutation,GSM1539686,0,0.15988059908895969
GSE63060,GSE63061,200,null_label_permutation,GSM1539471,0,0.45611512540432636
GSE63060,GSE63061,200,null_label_permutation,GSM1539780,1,0.99229279056081
GSE63060,GSE63061,200,null_label_permutation,GSM1539491,0,0.6335226954418981
GSE63060,GSE63061,200,null_label_permutation,GSM1539525,1,0.9962418002812444
GSE63060,GSE63061,200,null_label_permutation,GSM1539460,0,0.0012432943371103995
GSE63060,GSE63061,200,null_label_permutation,GSM1539768,1,0.0678119396280863
GSE63060,GSE63061,200,null_label_permutation,GSM1539607,0,0.004034117619664697
GSE63060,GSE63061,200,null_label_permutation,GSM1539496,0,0.9113621938030901
GSE63060,GSE63061,200,null_label_permutation,GSM1539604,1,0.9846194849135008
GSE63060,GSE63061,200,null_label_permutation,GSM1539555,0,0.9564396047552293
GSE63060,GSE63061,200,null_label_permutation,GSM1539510,0,0.17106933942273278
GSE63060,GSE63061,200,null_label_permutation,GSM1539714,0,0.2610233472198789
GSE63060,GSE63061,200,null_label_permutation,GSM1539468,0,0.007592087211749828
GSE63060,GSE63061,200,null_label_permutation,GSM1539678,1,0.9241221431794474
GSE63060,GSE63061,200,null_label_permutation,GSM1539647,1,0.1381231299065524
GSE63060,GSE63061,200,null_label_permutation,GSM1539702,0,0.8829055943009467
GSE63060,GSE63061,200,null_label_permutation,GSM1539514,1,0.3946381231936052
GSE63060,GSE63061,200,null_label_permutation,GSM1539616,1,0.9164184670420624
GSE63060,GSE63061,200,null_label_permutation,GSM1539733,1,0.6156528104410154
GSE63060,GSE63061,200,null_label_permutation,GSM1539502,0,0.6631036750191358
GSE63060,GSE63061,200,null_label_permutation,GSM1539603,0,0.002577390129724937
GSE63060,GSE63061,200,null_label_permutation,GSM1539685,0,0.033361262744372455
GSE63060,GSE63061,200,null_label_permutation,GSM1539498,0,0.7424453048476993
GSE63060,GSE63061,200,null_label_permutation,GSM1539515,1,0.0599583447156714
GSE63060,GSE63061,200,null_label_permutation,GSM1539582,1,0.3279638889901671
GSE63060,GSE63061,200,null_label_permutation,GSM1539516,1,0.04673071012017857
GSE63060,GSE63061,200,null_label_permutation,GSM1539533,1,0.018786477891349348
GSE63060,GSE63061,200,null_label_permutation,GSM1539480,0,9.513080058380977e-05
GSE63060,GSE63061,200,null_label_permutation,GSM1539511,1,0.9298987690025056
GSE63060,GSE63061,200,null_label_permutation,GSM1539699,0,0.005702198534029827
GSE63060,GSE63061,200,null_label_permutation,GSM1539593,1,0.6718091127307791
GSE63060,GSE63061,200,null_label_permutation,GSM1539581,1,0.013361537263524532
GSE63060,GSE63061,200,null_label_permutation,GSM1539459,0,0.3427911439331905
GSE63060,GSE63061,200,null_label_permutation,GSM1539770,0,0.10323024486574706
GSE63060,GSE63061,200,null_label_permutation,GSM1539546,1,0.014150293453169847
GSE63060,GSE63061,200,null_label_permutation,GSM1539440,0,0.3147900508748005
GSE63060,GSE63061,200,null_label_permutation,GSM1539715,0,0.5015910904267188
GSE63060,GSE63061,200,null_label_permutation,GSM1539788,1,0.25645809574946044
GSE63060,GSE63061,200,null_label_permutation,GSM1539605,0,0.7255667788008832
GSE63060,GSE63061,200,null_label_permutation,GSM1539673,1,0.9854031656345112
GSE63060,GSE63061,200,null_label_permutation,GSM1539621,0,0.20447223103837028
GSE63060,GSE63061,200,null_label_permutation,GSM1539539,1,0.8721107543574422
GSE63060,GSE63061,200,null_label_permutation,GSM1539462,0,0.5172236102168369
GSE63060,GSE63061,200,null_label_permutation,GSM1539560,1,0.03839706362723953
GSE63060,GSE63061,200,null_label_permutation,GSM1539497,0,0.5947798176030341
GSE63060,GSE63061,200,null_label_permutation,GSM1539570,1,0.17562152679350274
GSE63060,GSE63061,200,null_label_permutation,GSM1539617,0,0.17231713019687586
GSE63060,GSE63061,200,null_label_permutation,GSM1539562,1,0.0011559045506195557
GSE63060,GSE63061,200,null_label_permutation,GSM1539779,0,0.9994810259229072
GSE63060,GSE63061,200,null_label_permutation,GSM1539596,0,0.5736527964646899
GSE63060,GSE63061,200,null_label_permutation,GSM1539763,1,0.005092985519845048
GSE63060,GSE63061,200,null_label_permutation,GSM1539762,0,0.3591358476164823
GSE63060,GSE63061,200,null_label_permutation,GSM1539727,1,0.8575005268802186
GSE63060,GSE63061,200,null_label_permutation,GSM1539697,1,0.0003717079020512976
GSE63060,GSE63061,200,null_label_permutation,GSM1539542,1,0.2036932551961806
GSE63060,GSE63061,200,null_label_permutation,GSM1539796,0,0.11328806686730529
GSE63060,GSE63061,200,null_label_permutation,GSM1539569,0,0.25371313201966506
GSE63060,GSE63061,200,null_label_permutation,GSM1539441,0,0.02239493579966372
GSE63060,GSE63061,200,null_label_permutation,GSM1539745,0,0.9999433674554719
GSE63060,GSE63061,200,null_label_permutation,GSM1539649,0,0.23839746885209193
GSE63060,GSE63061,200,null_label_permutation,GSM1539538,1,0.024081306287845404
GSE63060,GSE63061,200,null_label_permutation,GSM1539713,1,0.8842503692869376
GSE63060,GSE63061,200,null_label_permutation,GSM1539718,1,0.04892393069830802
GSE63060,GSE63061,200,null_label_permutation,GSM1539692,1,0.733605012852521
GSE63060,GSE63061,200,null_label_permutation,GSM1539626,1,0.7836832236714902
GSE63060,GSE63061,200,null_label_permutation,GSM1539619,1,0.8929915631439911
GSE63060,GSE63061,200,null_label_permutation,GSM1539757,0,0.5132399454541582
GSE63060,GSE63061,200,null_label_permutation,GSM1539777,1,0.042748543998486696
GSE63060,GSE63061,200,null_label_permutation,GSM1539634,1,0.16584105659943188
GSE63060,GSE63061,200,null_label_permutation,GSM1539476,0,0.7829347388721576
GSE63060,GSE63061,200,null_label_permutation,GSM1539670,0,0.2288232101044696
GSE63061,GSE63060,200,target_only,GSM1539197,1,0.9385587260426442
GSE63061,GSE63060,200,target_only,GSM1539120,0,0.05229728225284036
GSE63061,GSE63060,200,target_only,GSM1539182,0,0.9938277170671304
GSE63061,GSE63060,200,target_only,GSM1539121,0,0.03793156720420715
GSE63061,GSE63060,200,target_only,GSM1539176,0,0.8322581154712594
GSE63061,GSE63060,200,target_only,GSM1539189,1,0.9993537659758517
GSE63061,GSE63060,200,target_only,GSM1539186,1,0.8109077141827349
GSE63061,GSE63060,200,target_only,GSM1539248,1,0.9997617895146416
GSE63061,GSE63060,200,target_only,GSM1539218,1,0.9988971852598847
GSE63061,GSE63060,200,target_only,GSM1539190,1,0.9886471774617915
GSE63061,GSE63060,200,target_only,GSM1539335,0,0.2474837855700509
GSE63061,GSE63060,200,target_only,GSM1539304,1,0.7645089120826387
GSE63061,GSE63060,200,target_only,GSM1539351,0,0.28898365480277644
GSE63061,GSE63060,200,target_only,GSM1539156,0,0.9500760433957769
GSE63061,GSE63060,200,target_only,GSM1539227,1,0.0052962150472593995
GSE63061,GSE63060,200,target_only,GSM1539151,0,0.0014137102244688143
GSE63061,GSE63060,200,target_only,GSM1539286,1,0.9998106042603642
GSE63061,GSE63060,200,target_only,GSM1539233,1,0.9957768527118398
GSE63061,GSE63060,200,target_only,GSM1539160,0,0.0009830902659012251
GSE63061,GSE63060,200,target_only,GSM1539237,1,0.9980978567842654
GSE63061,GSE63060,200,target_only,GSM1539346,0,0.45025207928329863
GSE63061,GSE63060,200,target_only,GSM1539178,0,0.0322112711561791
GSE63061,GSE63060,200,target_only,GSM1539257,1,0.9979456797702547
GSE63061,GSE63060,200,target_only,GSM1539284,1,0.9999980879804803
GSE63061,GSE63060,200,target_only,GSM1539326,1,0.997271481620814
GSE63061,GSE63060,200,target_only,GSM1539167,0,0.9600618522355417
GSE63061,GSE63060,200,target_only,GSM1539339,0,0.005892530909331418
GSE63061,GSE63060,200,target_only,GSM1539358,0,0.009097185625996755
GSE63061,GSE63060,200,target_only,GSM1539316,1,0.9766401031429963
GSE63061,GSE63060,200,target_only,GSM1539366,0,0.029844015367776956
GSE63061,GSE63060,200,target_only,GSM1539200,1,0.9972011177452799
GSE63061,GSE63060,200,target_only,GSM1539305,1,0.949531268035677
GSE63061,GSE63060,200,target_only,GSM1539264,1,0.6351290459927191
GSE63061,GSE63060,200,target_only,GSM1539302,1,0.8498487520405495
GSE63061,GSE63060,200,target_only,GSM1539266,1,0.9968822768113719
GSE63061,GSE63060,200,target_only,GSM1539213,1,0.9812954132587355
GSE63061,GSE63060,200,target_only,GSM1539133,0,0.001253388036174659
GSE63061,GSE63060,200,target_only,GSM1539148,0,0.5697791893939584
GSE63061,GSE63060,200,target_only,GSM1539212,1,0.9867522648599772
GSE63061,GSE63060,200,target_only,GSM1539220,1,0.9997224093663835
GSE63061,GSE63060,200,target_only,GSM1539281,1,0.775109762489505
GSE63061,GSE63060,200,target_only,GSM1539275,1,0.990838529333787
GSE63061,GSE63060,200,target_only,GSM1539179,0,0.6644343400658701
GSE63061,GSE63060,200,target_only,GSM1539328,1,0.998057127277353
GSE63061,GSE63060,200,target_only,GSM1539177,0,0.9237441994602453
GSE63061,GSE63060,200,target_only,GSM1539356,0,0.31040349226234215
GSE63061,GSE63060,200,target_only,GSM1539338,0,0.006111798119166499
GSE63061,GSE63060,200,target_only,GSM1539353,0,0.08663811703935302
GSE63061,GSE63060,200,target_only,GSM1539236,1,0.9995269845700714
GSE63061,GSE63060,200,target_only,GSM1539171,0,0.42113888354916057
GSE63061,GSE63060,200,target_only,GSM1539289,1,0.6486716676076665
GSE63061,GSE63060,200,target_only,GSM1539194,1,0.9994713430460981
GSE63061,GSE63060,200,target_only,GSM1539262,1,0.9901322462825316
GSE63061,GSE63060,200,target_only,GSM1539139,0,0.7115493568318104
GSE63061,GSE63060,200,target_only,GSM1539199,1,0.9972504752657673
GSE63061,GSE63060,200,target_only,GSM1539263,1,0.940769239008493
GSE63061,GSE63060,200,target_only,GSM1539279,1,0.9942157317955372
GSE63061,GSE63060,200,target_only,GSM1539292,1,0.9952963545503232
GSE63061,GSE63060,200,target_only,GSM1539288,1,0.9999513000951078
GSE63061,GSE63060,200,target_only,GSM1539308,1,0.8899843260098401
GSE63061,GSE63060,200,target_only,GSM1539320,1,0.9839248664582715
GSE63061,GSE63060,200,target_only,GSM1539226,1,0.9621637793604563
GSE63061,GSE63060,200,target_only,GSM1539360,0,0.7593536996516939
GSE63061,GSE63060,200,target_only,GSM1539188,1,0.9993530516621577
GSE63061,GSE63060,200,target_only,GSM1539365,0,0.8798337317433109
GSE63061,GSE63060,200,target_only,GSM1539361,0,0.006326497109886838
GSE63061,GSE63060,200,target_only,GSM1539350,0,0.9161949256501576
GSE63061,GSE63060,200,target_only,GSM1539222,1,0.9860587775060958
GSE63061,GSE63060,200,target_only,GSM1539232,1,0.8376301777139697
GSE63061,GSE63060,200,target_only,GSM1539250,1,0.998880615773601
GSE63061,GSE63060,200,target_only,GSM1539321,1,0.9935574128573187
GSE63061,GSE63060,200,target_only,GSM1539247,1,0.9978428937318595
GSE63061,GSE63060,200,target_only,GSM1539140,0,0.07213740465166388
GSE63061,GSE63060,200,target_only,GSM1539142,0,0.930284838137595
GSE63061,GSE63060,200,target_only,GSM1539170,0,0.15054954651590274
GSE63061,GSE63060,200,source_only,GSM1539197,1,1.0
GSE63061,GSE63060,200,source_only,GSM1539120,0,0.915450677192182
GSE63061,GSE63060,200,source_only,GSM1539182,0,0.9999999912907268
GSE63061,GSE63060,200,source_only,GSM1539121,0,0.9836378673621015
GSE63061,GSE63060,200,source_only,GSM1539176,0,0.999958241104508
GSE63061,GSE63060,200,source_only,GSM1539189,1,0.9999999999999549
GSE63061,GSE63060,200,source_only,GSM1539186,1,0.9999999999481786
GSE63061,GSE63060,200,source_only,GSM1539248,1,0.9999999950911842
GSE63061,GSE63060,200,source_only,GSM1539218,1,0.9999999988211252
GSE63061,GSE63060,200,source_only,GSM1539190,1,0.9999999999999254
GSE63061,GSE63060,200,source_only,GSM1539335,0,0.9999999999892426
GSE63061,GSE63060,200,source_only,GSM1539304,1,0.9999999973937856
GSE63061,GSE63060,200,source_only,GSM1539351,0,0.9886959830736671
GSE63061,GSE63060,200,source_only,GSM1539156,0,0.9999999999999996
GSE63061,GSE63060,200,source_only,GSM1539227,1,0.9999999910617764
GSE63061,GSE63060,200,source_only,GSM1539151,0,0.9999999999985063
GSE63061,GSE63060,200,source_only,GSM1539286,1,0.9999999999999467
GSE63061,GSE63060,200,source_only,GSM1539233,1,0.9999999999999503
GSE63061,GSE63060,200,source_only,GSM1539160,0,0.9848421083983214
GSE63061,GSE63060,200,source_only,GSM1539237,1,0.9999999999999973
GSE63061,GSE63060,200,source_only,GSM1539346,0,0.9999999999999565
GSE63061,GSE63060,200,source_only,GSM1539178,0,0.9999999999999927
GSE63061,GSE63060,200,source_only,GSM1539257,1,0.9999999999999998
GSE63061,GSE63060,200,source_only,GSM1539284,1,0.9999999999495457
GSE63061,GSE63060,200,source_only,GSM1539326,1,0.9999999999999989
GSE63061,GSE63060,200,source_only,GSM1539167,0,0.9999999999997544
GSE63061,GSE63060,200,source_only,GSM1539339,0,0.9999571622002635
GSE63061,GSE63060,200,source_only,GSM1539358,0,0.023569642693159466
GSE63061,GSE63060,200,source_only,GSM1539316,1,0.999999999776017
GSE63061,GSE63060,200,source_only,GSM1539366,0,0.07888950793432291
GSE63061,GSE63060,200,source_only,GSM1539200,1,1.0
GSE63061,GSE63060,200,source_only,GSM1539305,1,0.9999999999999925
GSE63061,GSE63060,200,source_only,GSM1539264,1,0.9999999154676249
GSE63061,GSE63060,200,source_only,GSM1539302,1,0.9999999999981872
GSE63061,GSE63060,200,source_only,GSM1539266,1,0.9999999999720295
GSE63061,GSE63060,200,source_only,GSM1539213,1,0.9999999913449883
GSE63061,GSE63060,200,source_only,GSM1539133,0,0.015143785720086603
GSE63061,GSE63060,200,source_only,GSM1539148,0,0.9999988192908963
GSE63061,GSE63060,200,source_only,GSM1539212,1,0.9556991876899312
GSE63061,GSE63060,200,source_only,GSM1539220,1,0.9999999999999998
GSE63061,GSE63060,200,source_only,GSM1539281,1,0.999999999011703
GSE63061,GSE63060,200,source_only,GSM1539275,1,0.9999999999751785
GSE63061,GSE63060,200,source_only,GSM1539179,0,0.9999999999999754
GSE63061,GSE63060,200,source_only,GSM1539328,1,0.999999992410474
GSE63061,GSE63060,200,source_only,GSM1539177,0,0.9999987334678097
GSE63061,GSE63060,200,source_only,GSM1539356,0,0.9999999999773435
GSE63061,GSE63060,200,source_only,GSM1539338,0,0.9999861110003827
GSE63061,GSE63060,200,source_only,GSM1539353,0,0.9999999999160727
GSE63061,GSE63060,200,source_only,GSM1539236,1,0.9999999947582345
GSE63061,GSE63060,200,source_only,GSM1539171,0,0.9999999999999998
GSE63061,GSE63060,200,source_only,GSM1539289,1,0.5025198861956367
GSE63061,GSE63060,200,source_only,GSM1539194,1,0.9999999968554392
GSE63061,GSE63060,200,source_only,GSM1539262,1,0.9999931524203586
GSE63061,GSE63060,200,source_only,GSM1539139,0,0.9987206823703835
GSE63061,GSE63060,200,source_only,GSM1539199,1,0.9999988900724408
GSE63061,GSE63060,200,source_only,GSM1539263,1,0.9999999999321676
GSE63061,GSE63060,200,source_only,GSM1539279,1,0.9999955999021337
GSE63061,GSE63060,200,source_only,GSM1539292,1,1.0
GSE63061,GSE63060,200,source_only,GSM1539288,1,0.9999999999995912
GSE63061,GSE63060,200,source_only,GSM1539308,1,0.9999998919248515
GSE63061,GSE63060,200,source_only,GSM1539320,1,0.9999999999993681
GSE63061,GSE63060,200,source_only,GSM1539226,1,0.9990049384599838
GSE63061,GSE63060,200,source_only,GSM1539360,0,0.9999999999999423
GSE63061,GSE63060,200,source_only,GSM1539188,1,0.9999999999525571
GSE63061,GSE63060,200,source_only,GSM1539365,0,0.9999999999685045
GSE63061,GSE63060,200,source_only,GSM1539361,0,0.9999989900756362
GSE63061,GSE63060,200,source_only,GSM1539350,0,0.9999999999997524
GSE63061,GSE63060,200,source_only,GSM1539222,1,0.9999999999999998
GSE63061,GSE63060,200,source_only,GSM1539232,1,1.0
GSE63061,GSE63060,200,source_only,GSM1539250,1,0.999999999992714
GSE63061,GSE63060,200,source_only,GSM1539321,1,0.9999999999558022
GSE63061,GSE63060,200,source_only,GSM1539247,1,0.9999999999999494
GSE63061,GSE63060,200,source_only,GSM1539140,0,0.9999999979061343
GSE63061,GSE63060,200,source_only,GSM1539142,0,0.9999708708328178
GSE63061,GSE63060,200,source_only,GSM1539170,0,0.03108241029432167
GSE63061,GSE63060,200,source_plus_target,GSM1539197,1,0.591256094292461
GSE63061,GSE63060,200,source_plus_target,GSM1539120,0,0.05229210105603683
GSE63061,GSE63060,200,source_plus_target,GSM1539182,0,0.9121219649720347
GSE63061,GSE63060,200,source_plus_target,GSM1539121,0,0.07740467568058357
GSE63061,GSE63060,200,source_plus_target,GSM1539176,0,0.37176924168499964
GSE63061,GSE63060,200,source_plus_target,GSM1539189,1,0.9882978177629911
GSE63061,GSE63060,200,source_plus_target,GSM1539186,1,0.6989578503162298
GSE63061,GSE63060,200,source_plus_target,GSM1539248,1,0.9898495896898601
GSE63061,GSE63060,200,source_plus_target,GSM1539218,1,0.9826672171384601
GSE63061,GSE63060,200,source_plus_target,GSM1539190,1,0.9746734818042649
GSE63061,GSE63060,200,source_plus_target,GSM1539335,0,0.6687168425675538
GSE63061,GSE63060,200,source_plus_target,GSM1539304,1,0.7097346641958344
GSE63061,GSE63060,200,source_plus_target,GSM1539351,0,0.07230400846590128
GSE63061,GSE63060,200,source_plus_target,GSM1539156,0,0.7932247414219791
GSE63061,GSE63060,200,source_plus_target,GSM1539227,1,0.3108121255584265
GSE63061,GSE63060,200,source_plus_target,GSM1539151,0,0.005634759927121371
GSE63061,GSE63060,200,source_plus_target,GSM1539286,1,0.9960299884542324
GSE63061,GSE63060,200,source_plus_target,GSM1539233,1,0.9944626606113137
GSE63061,GSE63060,200,source_plus_target,GSM1539160,0,0.0006582233625232129
GSE63061,GSE63060,200,source_plus_target,GSM1539237,1,0.7645299746761229
GSE63061,GSE63060,200,source_plus_target,GSM1539346,0,0.5881974346820772
GSE63061,GSE63060,200,source_plus_target,GSM1539178,0,0.1620993680874969
GSE63061,GSE63060,200,source_plus_target,GSM1539257,1,0.9934749464355869
GSE63061,GSE63060,200,source_plus_target,GSM1539284,1,0.9951754557476178
GSE63061,GSE63060,200,source_plus_target,GSM1539326,1,0.9662050338238566
GSE63061,GSE63060,200,source_plus_target,GSM1539167,0,0.92686044337527
GSE63061,GSE63060,200,source_plus_target,GSM1539339,0,0.025173746517245483
GSE63061,GSE63060,200,source_plus_target,GSM1539358,0,0.009508300968910205
GSE63061,GSE63060,200,source_plus_target,GSM1539316,1,0.931002498190631
GSE63061,GSE63060,200,source_plus_target,GSM1539366,0,0.001799536094434692
GSE63061,GSE63060,200,source_plus_target,GSM1539200,1,0.990324916919228
GSE63061,GSE63060,200,source_plus_target,GSM1539305,1,0.7731494841139871
GSE63061,GSE63060,200,source_plus_target,GSM1539264,1,0.05933997949211918
GSE63061,GSE63060,200,source_plus_target,GSM1539302,1,0.5394721024745996
GSE63061,GSE63060,200,source_plus_target,GSM1539266,1,0.9418202409326963
GSE63061,GSE63060,200,source_plus_target,GSM1539213,1,0.3052098151533882
GSE63061,GSE63060,200,source_plus_target,GSM1539133,0,0.016732861591879783
GSE63061,GSE63060,200,source_plus_target,GSM1539148,0,0.0659409585173799
GSE63061,GSE63060,200,source_plus_target,GSM1539212,1,0.7541011578738877
GSE63061,GSE63060,200,source_plus_target,GSM1539220,1,0.9926217587403762
GSE63061,GSE63060,200,source_plus_target,GSM1539281,1,0.9178223763399498
GSE63061,GSE63060,200,source_plus_target,GSM1539275,1,0.9459268816760945
GSE63061,GSE63060,200,source_plus_target,GSM1539179,0,0.6458873232387575
GSE63061,GSE63060,200,source_plus_target,GSM1539328,1,0.9253531841346322
GSE63061,GSE63060,200,source_plus_target,GSM1539177,0,0.9681136035184533
GSE63061,GSE63060,200,source_plus_target,GSM1539356,0,0.8314828012851105
GSE63061,GSE63060,200,source_plus_target,GSM1539338,0,0.04601918915887154
GSE63061,GSE63060,200,source_plus_target,GSM1539353,0,0.28478426126466116
GSE63061,GSE63060,200,source_plus_target,GSM1539236,1,0.7817732370407656
GSE63061,GSE63060,200,source_plus_target,GSM1539171,0,0.79549409709297
GSE63061,GSE63060,200,source_plus_target,GSM1539289,1,0.7478718340213092
GSE63061,GSE63060,200,source_plus_target,GSM1539194,1,0.9632699936558667
GSE63061,GSE63060,200,source_plus_target,GSM1539262,1,0.8573774488400199
GSE63061,GSE63060,200,source_plus_target,GSM1539139,0,0.3268717111250695
GSE63061,GSE63060,200,source_plus_target,GSM1539199,1,0.43225175225168283
GSE63061,GSE63060,200,source_plus_target,GSM1539263,1,0.9876444065008987
GSE63061,GSE63060,200,source_plus_target,GSM1539279,1,0.8767024242610734
GSE63061,GSE63060,200,source_plus_target,GSM1539292,1,0.8881716832768003
GSE63061,GSE63060,200,source_plus_target,GSM1539288,1,0.9956356200032678
GSE63061,GSE63060,200,source_plus_target,GSM1539308,1,0.9112050288747874
GSE63061,GSE63060,200,source_plus_target,GSM1539320,1,0.9103912144257263
GSE63061,GSE63060,200,source_plus_target,GSM1539226,1,0.9892702829313229
GSE63061,GSE63060,200,source_plus_target,GSM1539360,0,0.7724489630237313
GSE63061,GSE63060,200,source_plus_target,GSM1539188,1,0.4750687979277473
GSE63061,GSE63060,200,source_plus_target,GSM1539365,0,0.7104609206574981
GSE63061,GSE63060,200,source_plus_target,GSM1539361,0,0.07990036482354652
GSE63061,GSE63060,200,source_plus_target,GSM1539350,0,0.6062753899777219
GSE63061,GSE63060,200,source_plus_target,GSM1539222,1,0.9913208576559392
GSE63061,GSE63060,200,source_plus_target,GSM1539232,1,0.9918256107937752
GSE63061,GSE63060,200,source_plus_target,GSM1539250,1,0.9507475091362294
GSE63061,GSE63060,200,source_plus_target,GSM1539321,1,0.9347204880192933
GSE63061,GSE63060,200,source_plus_target,GSM1539247,1,0.9874943405245253
GSE63061,GSE63060,200,source_plus_target,GSM1539140,0,0.3577741667270813
GSE63061,GSE63060,200,source_plus_target,GSM1539142,0,0.3752413182441571
GSE63061,GSE63060,200,source_plus_target,GSM1539170,0,0.0591871074566704
GSE63061,GSE63060,200,null_label_permutation,GSM1539197,1,0.00059447561451713
GSE63061,GSE63060,200,null_label_permutation,GSM1539120,0,0.9643140199956247
GSE63061,GSE63060,200,null_label_permutation,GSM1539182,0,0.006155824158835862
GSE63061,GSE63060,200,null_label_permutation,GSM1539121,0,0.09768757214417176
GSE63061,GSE63060,200,null_label_permutation,GSM1539176,0,0.025654865748071305
GSE63061,GSE63060,200,null_label_permutation,GSM1539189,1,0.007790201598915373
GSE63061,GSE63060,200,null_label_permutation,GSM1539186,1,0.03479672050857197
GSE63061,GSE63060,200,null_label_permutation,GSM1539248,1,0.7239969812077701
GSE63061,GSE63060,200,null_label_permutation,GSM1539218,1,0.08573609198631871
GSE63061,GSE63060,200,null_label_permutation,GSM1539190,1,0.03952327067018832
GSE63061,GSE63060,200,null_label_permutation,GSM1539335,0,0.08323601206747164
GSE63061,GSE63060,200,null_label_permutation,GSM1539304,1,0.7978044791188347
GSE63061,GSE63060,200,null_label_permutation,GSM1539351,0,0.8303674193347453
GSE63061,GSE63060,200,null_label_permutation,GSM1539156,0,0.015145398130332619
GSE63061,GSE63060,200,null_label_permutation,GSM1539227,1,0.7614878929445991
GSE63061,GSE63060,200,null_label_permutation,GSM1539151,0,0.08992416418727665
GSE63061,GSE63060,200,null_label_permutation,GSM1539286,1,0.9570878669389773
GSE63061,GSE63060,200,null_label_permutation,GSM1539233,1,0.08874249226157162
GSE63061,GSE63060,200,null_label_permutation,GSM1539160,0,0.1810643726083646
GSE63061,GSE63060,200,null_label_permutation,GSM1539237,1,0.8480524487399753
GSE63061,GSE63060,200,null_label_permutation,GSM1539346,0,0.9057635547749534
GSE63061,GSE63060,200,null_label_permutation,GSM1539178,0,0.8958256740412963
GSE63061,GSE63060,200,null_label_permutation,GSM1539257,1,0.8382514596871702
GSE63061,GSE63060,200,null_label_permutation,GSM1539284,1,0.005825952566375762
GSE63061,GSE63060,200,null_label_permutation,GSM1539326,1,0.29111474676268
GSE63061,GSE63060,200,null_label_permutation,GSM1539167,0,0.9762055324478118
GSE63061,GSE63060,200,null_label_permutation,GSM1539339,0,0.9135223475977915
GSE63061,GSE63060,200,null_label_permutation,GSM1539358,0,0.54887709780484
GSE63061,GSE63060,200,null_label_permutation,GSM1539316,1,0.3877023690372246
GSE63061,GSE63060,200,null_label_permutation,GSM1539366,0,0.6993982385729993
GSE63061,GSE63060,200,null_label_permutation,GSM1539200,1,0.0003847778764235313
GSE63061,GSE63060,200,null_label_permutation,GSM1539305,1,0.02918526220686463
GSE63061,GSE63060,200,null_label_permutation,GSM1539264,1,0.01072474761462132
GSE63061,GSE63060,200,null_label_permutation,GSM1539302,1,0.3332432478635303
GSE63061,GSE63060,200,null_label_permutation,GSM1539266,1,0.5662578923439183
GSE63061,GSE63060,200,null_label_permutation,GSM1539213,1,0.09021684233653678
GSE63061,GSE63060,200,null_label_permutation,GSM1539133,0,0.4051092092217217
GSE63061,GSE63060,200,null_label_permutation,GSM1539148,0,0.2221364648752589
GSE63061,GSE63060,200,null_label_permutation,GSM1539212,1,0.4492822328441235
GSE63061,GSE63060,200,null_label_permutation,GSM1539220,1,0.4175124324259186
GSE63061,GSE63060,200,null_label_permutation,GSM1539281,1,0.6357567985803542
GSE63061,GSE63060,200,null_label_permutation,GSM1539275,1,0.9955978303195433
GSE63061,GSE63060,200,null_label_permutation,GSM1539179,0,0.0742956141688053
GSE63061,GSE63060,200,null_label_permutation,GSM1539328,1,0.8919370084521215
GSE63061,GSE63060,200,null_label_permutation,GSM1539177,0,0.11199905504268008
GSE63061,GSE63060,200,null_label_permutation,GSM1539356,0,0.4995470987480686
GSE63061,GSE63060,200,null_label_permutation,GSM1539338,0,0.8647280413178354
GSE63061,GSE63060,200,null_label_permutation,GSM1539353,0,0.3670265604015072
GSE63061,GSE63060,200,null_label_permutation,GSM1539236,1,0.9725610039013314
GSE63061,GSE63060,200,null_label_permutation,GSM1539171,0,0.001593778022925851
GSE63061,GSE63060,200,null_label_permutation,GSM1539289,1,0.005552554481728659
GSE63061,GSE63060,200,null_label_permutation,GSM1539194,1,0.9664600591718441
GSE63061,GSE63060,200,null_label_permutation,GSM1539262,1,0.03660199106223378
GSE63061,GSE63060,200,null_label_permutation,GSM1539139,0,0.8747272976471269
GSE63061,GSE63060,200,null_label_permutation,GSM1539199,1,0.11466004317133917
GSE63061,GSE63060,200,null_label_permutation,GSM1539263,1,0.8633724777726228
GSE63061,GSE63060,200,null_label_permutation,GSM1539279,1,0.1329437504118035
GSE63061,GSE63060,200,null_label_permutation,GSM1539292,1,0.057410559212579045
GSE63061,GSE63060,200,null_label_permutation,GSM1539288,1,0.9902968870939255
GSE63061,GSE63060,200,null_label_permutation,GSM1539308,1,0.21490427348251762
GSE63061,GSE63060,200,null_label_permutation,GSM1539320,1,0.9795117386015577
GSE63061,GSE63060,200,null_label_permutation,GSM1539226,1,0.9965130360679217
GSE63061,GSE63060,200,null_label_permutation,GSM1539360,0,0.34335668548626647
GSE63061,GSE63060,200,null_label_permutation,GSM1539188,1,0.013029937934284887
GSE63061,GSE63060,200,null_label_permutation,GSM1539365,0,0.29458468542361305
GSE63061,GSE63060,200,null_label_permutation,GSM1539361,0,0.9410363146317436
GSE63061,GSE63060,200,null_label_permutation,GSM1539350,0,0.8415133441014249
GSE63061,GSE63060,200,null_label_permutation,GSM1539222,1,0.44047539938956254
GSE63061,GSE63060,200,null_label_permutation,GSM1539232,1,0.5637469953865794
GSE63061,GSE63060,200,null_label_permutation,GSM1539250,1,0.00422322877027379
GSE63061,GSE63060,200,null_label_permutation,GSM1539321,1,0.014475233651806708
GSE63061,GSE63060,200,null_label_permutation,GSM1539247,1,0.13413197241235622
GSE63061,GSE63060,200,null_label_permutation,GSM1539140,0,0.3986493313889739
GSE63061,GSE63060,200,null_label_permutation,GSM1539142,0,0.25102079085270323
GSE63061,GSE63060,200,null_label_permutation,GSM1539170,0,0.9717261401035497
GSE63060,GSE63061,1000,target_only,GSM1539752,1,0.9972190730464267
GSE63060,GSE63061,1000,target_only,GSM1539545,1,0.8556872294567129
GSE63060,GSE63061,1000,target_only,GSM1539487,0,0.10247375281151147
GSE63060,GSE63061,1000,target_only,GSM1539773,1,0.4120258648647809
GSE63060,GSE63061,1000,target_only,GSM1539523,1,0.7250074702897231
GSE63060,GSE63061,1000,target_only,GSM1539453,0,0.9724353278706964
GSE63060,GSE63061,1000,target_only,GSM1539720,1,0.20985293053466286
GSE63060,GSE63061,1000,target_only,GSM1539711,0,0.9741125823923605
GSE63060,GSE63061,1000,target_only,GSM1539537,1,0.999321916262007
GSE63060,GSE63061,1000,target_only,GSM1539769,1,0.3561156883869586
GSE63060,GSE63061,1000,target_only,GSM1539686,0,0.8851072092148509
GSE63060,GSE63061,1000,target_only,GSM1539471,0,0.007083523102587058
GSE63060,GSE63061,1000,target_only,GSM1539780,1,0.4984072116526024
GSE63060,GSE63061,1000,target_only,GSM1539491,0,0.6698806261309389
GSE63060,GSE63061,1000,target_only,GSM1539525,1,0.8455408077411168
GSE63060,GSE63061,1000,target_only,GSM1539460,0,0.9318127636116992
GSE63060,GSE63061,1000,target_only,GSM1539768,1,0.703419191127263
GSE63060,GSE63061,1000,target_only,GSM1539607,0,0.8130003278925474
GSE63060,GSE63061,1000,target_only,GSM1539496,0,0.9579437472806992
GSE63060,GSE63061,1000,target_only,GSM1539604,1,0.007911805991509653
GSE63060,GSE63061,1000,target_only,GSM1539555,0,0.9424436400995733
GSE63060,GSE63061,1000,target_only,GSM1539510,0,0.036486636303965064
GSE63060,GSE63061,1000,target_only,GSM1539714,0,0.023811649380364827
GSE63060,GSE63061,1000,target_only,GSM1539468,0,0.00033277902755782923
GSE63060,GSE63061,1000,target_only,GSM1539678,1,0.10636365127559415
GSE63060,GSE63061,1000,target_only,GSM1539647,1,0.9988446233620794
GSE63060,GSE63061,1000,target_only,GSM1539702,0,0.03749324044881002
GSE63060,GSE63061,1000,target_only,GSM1539514,1,0.024754878099831828
GSE63060,GSE63061,1000,target_only,GSM1539616,1,0.028511789229684874
GSE63060,GSE63061,1000,target_only,GSM1539733,1,0.0032111180366872698
GSE63060,GSE63061,1000,target_only,GSM1539502,0,0.7566819189682871
GSE63060,GSE63061,1000,target_only,GSM1539603,0,0.22338974667303507
GSE63060,GSE63061,1000,target_only,GSM1539685,0,0.9616944232314754
GSE63060,GSE63061,1000,target_only,GSM1539498,0,0.005586189247746012
GSE63060,GSE63061,1000,target_only,GSM1539515,1,0.5586393081850373
GSE63060,GSE63061,1000,target_only,GSM1539582,1,0.9482984562527189
GSE63060,GSE63061,1000,target_only,GSM1539516,1,0.4899393955319533
GSE63060,GSE63061,1000,target_only,GSM1539533,1,0.016665555458057597
GSE63060,GSE63061,1000,target_only,GSM1539480,0,0.4179083572605464
GSE63060,GSE63061,1000,target_only,GSM1539511,1,0.9999875945780239
GSE63060,GSE63061,1000,target_only,GSM1539699,0,0.10080552992280056
GSE63060,GSE63061,1000,target_only,GSM1539593,1,0.9999852549559077
GSE63060,GSE63061,1000,target_only,GSM1539581,1,0.9895314307530138
GSE63060,GSE63061,1000,target_only,GSM1539459,0,0.25783844045582344
GSE63060,GSE63061,1000,target_only,GSM1539770,0,0.40037578809187835
GSE63060,GSE63061,1000,target_only,GSM1539546,1,0.3658612344046824
GSE63060,GSE63061,1000,target_only,GSM1539440,0,0.8569527985334555
GSE63060,GSE63061,1000,target_only,GSM1539715,0,0.7693959224460365
GSE63060,GSE63061,1000,target_only,GSM1539788,1,0.7048878187611871
GSE63060,GSE63061,1000,target_only,GSM1539605,0,0.00613691620635983
GSE63060,GSE63061,1000,target_only,GSM1539673,1,0.9013671287679162
GSE63060,GSE63061,1000,target_only,GSM1539621,0,0.5789952902431471
GSE63060,GSE63061,1000,target_only,GSM1539539,1,0.8915919643157275
GSE63060,GSE63061,1000,target_only,GSM1539462,0,0.8676504953991604
GSE63060,GSE63061,1000,target_only,GSM1539560,1,0.3437862857236609
GSE63060,GSE63061,1000,target_only,GSM1539497,0,0.001216376576346664
GSE63060,GSE63061,1000,target_only,GSM1539570,1,0.57430318481463
GSE63060,GSE63061,1000,target_only,GSM1539617,0,0.02704206191883949
GSE63060,GSE63061,1000,target_only,GSM1539562,1,0.819975468056875
GSE63060,GSE63061,1000,target_only,GSM1539779,0,2.27916208897477e-06
GSE63060,GSE63061,1000,target_only,GSM1539596,0,0.7493840851538053
GSE63060,GSE63061,1000,target_only,GSM1539763,1,0.9997459501895797
GSE63060,GSE63061,1000,target_only,GSM1539762,0,0.34328985197561557
GSE63060,GSE63061,1000,target_only,GSM1539727,1,0.14413250919918513
GSE63060,GSE63061,1000,target_only,GSM1539697,1,0.9594417004574106
GSE63060,GSE63061,1000,target_only,GSM1539542,1,0.8014635012128762
GSE63060,GSE63061,1000,target_only,GSM1539796,0,0.006293484745845578
GSE63060,GSE63061,1000,target_only,GSM1539569,0,0.0035883726810698514
GSE63060,GSE63061,1000,target_only,GSM1539441,0,0.26604921340465404
GSE63060,GSE63061,1000,target_only,GSM1539745,0,0.00019515182648954723
GSE63060,GSE63061,1000,target_only,GSM1539649,0,0.5353164043441037
GSE63060,GSE63061,1000,target_only,GSM1539538,1,0.01996383563019531
GSE63060,GSE63061,1000,target_only,GSM1539713,1,0.98977887270226
GSE63060,GSE63061,1000,target_only,GSM1539718,1,0.9970855348538556
GSE63060,GSE63061,1000,target_only,GSM1539692,1,0.28403905583455435
GSE63060,GSE63061,1000,target_only,GSM1539626,1,0.8961619232837001
GSE63060,GSE63061,1000,target_only,GSM1539619,1,0.9999998638823343
GSE63060,GSE63061,1000,target_only,GSM1539757,0,0.5423567467034488
GSE63060,GSE63061,1000,target_only,GSM1539777,1,0.90389318455879
GSE63060,GSE63061,1000,target_only,GSM1539634,1,0.9763195240820662
GSE63060,GSE63061,1000,target_only,GSM1539476,0,0.6313793820876654
GSE63060,GSE63061,1000,target_only,GSM1539670,0,0.00013642826716537
GSE63060,GSE63061,1000,source_only,GSM1539752,1,0.9792212902760344
GSE63060,GSE63061,1000,source_only,GSM1539545,1,0.49629133771290396
GSE63060,GSE63061,1000,source_only,GSM1539487,0,0.26265601266672084
GSE63060,GSE63061,1000,source_only,GSM1539773,1,0.15602636547579343
GSE63060,GSE63061,1000,source_only,GSM1539523,1,0.2762460020663945
GSE63060,GSE63061,1000,source_only,GSM1539453,0,0.0026031967291804976
GSE63060,GSE63061,1000,source_only,GSM1539720,1,0.1242998181387757
GSE63060,GSE63061,1000,source_only,GSM1539711,0,0.004873817904431902
GSE63060,GSE63061,1000,source_only,GSM1539537,1,0.8592504603574719
GSE63060,GSE63061,1000,source_only,GSM1539769,1,0.6928795212986786
GSE63060,GSE63061,1000,source_only,GSM1539686,0,0.15526563514097189
GSE63060,GSE63061,1000,source_only,GSM1539471,0,0.27766386379463753
GSE63060,GSE63061,1000,source_only,GSM1539780,1,0.20827082535681946
GSE63060,GSE63061,1000,source_only,GSM1539491,0,0.008380114445422474
GSE63060,GSE63061,1000,source_only,GSM1539525,1,0.979995586469025
GSE63060,GSE63061,1000,source_only,GSM1539460,0,0.024788182832130395
GSE63060,GSE63061,1000,source_only,GSM1539768,1,0.9930537253919368
GSE63060,GSE63061,1000,source_only,GSM1539607,0,0.06828453770093919
GSE63060,GSE63061,1000,source_only,GSM1539496,0,0.050310909215523274
GSE63060,GSE63061,1000,source_only,GSM1539604,1,0.011395648937855775
GSE63060,GSE63061,1000,source_only,GSM1539555,0,0.03620590340466935
GSE63060,GSE63061,1000,source_only,GSM1539510,0,0.16828806446687491
GSE63060,GSE63061,1000,source_only,GSM1539714,0,0.013996029105620773
GSE63060,GSE63061,1000,source_only,GSM1539468,0,0.0028758096924174905
GSE63060,GSE63061,1000,source_only,GSM1539678,1,0.002302125530816168
GSE63060,GSE63061,1000,source_only,GSM1539647,1,0.6910844837092166
GSE63060,GSE63061,1000,source_only,GSM1539702,0,0.7054622089250426
GSE63060,GSE63061,1000,source_only,GSM1539514,1,0.3942810595947814
GSE63060,GSE63061,1000,source_only,GSM1539616,1,0.28861340712558925
GSE63060,GSE63061,1000,source_only,GSM1539733,1,0.2293737693853822
GSE63060,GSE63061,1000,source_only,GSM1539502,0,0.003973780379043316
GSE63060,GSE63061,1000,source_only,GSM1539603,0,0.04027686363401672
GSE63060,GSE63061,1000,source_only,GSM1539685,0,0.0022100216502232537
GSE63060,GSE63061,1000,source_only,GSM1539498,0,0.6779233182212061
GSE63060,GSE63061,1000,source_only,GSM1539515,1,0.016936227416646826
GSE63060,GSE63061,1000,source_only,GSM1539582,1,0.14320222782499936
GSE63060,GSE63061,1000,source_only,GSM1539516,1,0.3667228610195026
GSE63060,GSE63061,1000,source_only,GSM1539533,1,0.0038533907742122177
GSE63060,GSE63061,1000,source_only,GSM1539480,0,0.004869942945789616
GSE63060,GSE63061,1000,source_only,GSM1539511,1,0.9693428601245544
GSE63060,GSE63061,1000,source_only,GSM1539699,0,0.1343966258826965
GSE63060,GSE63061,1000,source_only,GSM1539593,1,0.3356615382626401
GSE63060,GSE63061,1000,source_only,GSM1539581,1,0.36685927630586423
GSE63060,GSE63061,1000,source_only,GSM1539459,0,0.13079325752104903
GSE63060,GSE63061,1000,source_only,GSM1539770,0,0.005984963439785652
GSE63060,GSE63061,1000,source_only,GSM1539546,1,0.0016147396420931148
GSE63060,GSE63061,1000,source_only,GSM1539440,0,0.7241959842855191
GSE63060,GSE63061,1000,source_only,GSM1539715,0,0.12451828127379713
GSE63060,GSE63061,1000,source_only,GSM1539788,1,0.011929823908928987
GSE63060,GSE63061,1000,source_only,GSM1539605,0,0.006213054931743458
GSE63060,GSE63061,1000,source_only,GSM1539673,1,0.027241832076690075
GSE63060,GSE63061,1000,source_only,GSM1539621,0,0.021725215550035863
GSE63060,GSE63061,1000,source_only,GSM1539539,1,0.038782521322156
GSE63060,GSE63061,1000,source_only,GSM1539462,0,0.035808524394765326
GSE63060,GSE63061,1000,source_only,GSM1539560,1,0.9092830227882378
GSE63060,GSE63061,1000,source_only,GSM1539497,0,0.0010091265229848494
GSE63060,GSE63061,1000,source_only,GSM1539570,1,0.015546706667217261
GSE63060,GSE63061,1000,source_only,GSM1539617,0,0.0042588569958169654
GSE63060,GSE63061,1000,source_only,GSM1539562,1,0.1783441972558169
GSE63060,GSE63061,1000,source_only,GSM1539779,0,0.00022910021437791864
GSE63060,GSE63061,1000,source_only,GSM1539596,0,0.30884260288288695
GSE63060,GSE63061,1000,source_only,GSM1539763,1,0.9939564668051167
GSE63060,GSE63061,1000,source_only,GSM1539762,0,0.010403508343323412
GSE63060,GSE63061,1000,source_only,GSM1539727,1,0.4230857104823158
GSE63060,GSE63061,1000,source_only,GSM1539697,1,0.9957742874711912
GSE63060,GSE63061,1000,source_only,GSM1539542,1,0.07273920850268349
GSE63060,GSE63061,1000,source_only,GSM1539796,0,0.33506018737622484
GSE63060,GSE63061,1000,source_only,GSM1539569,0,0.28536019843875454
GSE63060,GSE63061,1000,source_only,GSM1539441,0,0.16619218308806677
GSE63060,GSE63061,1000,source_only,GSM1539745,0,0.0009066652688933158
GSE63060,GSE63061,1000,source_only,GSM1539649,0,0.2905996533888892
GSE63060,GSE63061,1000,source_only,GSM1539538,1,0.031784024444001434
GSE63060,GSE63061,1000,source_only,GSM1539713,1,0.5685457355096292
GSE63060,GSE63061,1000,source_only,GSM1539718,1,0.017436385913128925
GSE63060,GSE63061,1000,source_only,GSM1539692,1,0.2838650248663574
GSE63060,GSE63061,1000,source_only,GSM1539626,1,0.15026023102692557
GSE63060,GSE63061,1000,source_only,GSM1539619,1,0.9985643947341256
GSE63060,GSE63061,1000,source_only,GSM1539757,0,0.005125353357235502
GSE63060,GSE63061,1000,source_only,GSM1539777,1,0.9152188765002799
GSE63060,GSE63061,1000,source_only,GSM1539634,1,0.9883354410944598
GSE63060,GSE63061,1000,source_only,GSM1539476,0,0.40858434184888515
GSE63060,GSE63061,1000,source_only,GSM1539670,0,0.005892302159330202
GSE63060,GSE63061,1000,source_plus_target,GSM1539752,1,0.9958396749690832
GSE63060,GSE63061,1000,source_plus_target,GSM1539545,1,0.8081152448298077
GSE63060,GSE63061,1000,source_plus_target,GSM1539487,0,0.4104865623744098
GSE63060,GSE63061,1000,source_plus_target,GSM1539773,1,0.674506601172442
GSE63060,GSE63061,1000,source_plus_target,GSM1539523,1,0.9372102964810264
GSE63060,GSE63061,1000,source_plus_target,GSM1539453,0,0.49666547402367206
GSE63060,GSE63061,1000,source_plus_target,GSM1539720,1,0.42435874479520785
GSE63060,GSE63061,1000,source_plus_target,GSM1539711,0,0.7326267747668271
GSE63060,GSE63061,1000,source_plus_target,GSM1539537,1,0.9956242238594172
GSE63060,GSE63061,1000,source_plus_target,GSM1539769,1,0.6142932120235598
GSE63060,GSE63061,1000,source_plus_target,GSM1539686,0,0.9457247399537899
GSE63060,GSE63061,1000,source_plus_target,GSM1539471,0,0.27314972867912235
GSE63060,GSE63061,1000,source_plus_target,GSM1539780,1,0.5084737777463153
GSE63060,GSE63061,1000,source_plus_target,GSM1539491,0,0.6518068412168163
GSE63060,GSE63061,1000,source_plus_target,GSM1539525,1,0.9515392358991724
GSE63060,GSE63061,1000,source_plus_target,GSM1539460,0,0.5175170519312928
GSE63060,GSE63061,1000,source_plus_target,GSM1539768,1,0.9922727549452343
GSE63060,GSE63061,1000,source_plus_target,GSM1539607,0,0.37780816574534576
GSE63060,GSE63061,1000,source_plus_target,GSM1539496,0,0.4153221925221889
GSE63060,GSE63061,1000,source_plus_target,GSM1539604,1,0.0859177977680167
GSE63060,GSE63061,1000,source_plus_target,GSM1539555,0,0.22276779761279897
GSE63060,GSE63061,1000,source_plus_target,GSM1539510,0,0.0692857627953771
GSE63060,GSE63061,1000,source_plus_target,GSM1539714,0,0.05965234115476462
GSE63060,GSE63061,1000,source_plus_target,GSM1539468,0,0.0051622031954314624
GSE63060,GSE63061,1000,source_plus_target,GSM1539678,1,0.11133113064582885
GSE63060,GSE63061,1000,source_plus_target,GSM1539647,1,0.9299020820171315
GSE63060,GSE63061,1000,source_plus_target,GSM1539702,0,0.5695045982798904
GSE63060,GSE63061,1000,source_plus_target,GSM1539514,1,0.6902057038219855
GSE63060,GSE63061,1000,source_plus_target,GSM1539616,1,0.16255909466960558
GSE63060,GSE63061,1000,source_plus_target,GSM1539733,1,0.5343154325856576
GSE63060,GSE63061,1000,source_plus_target,GSM1539502,0,0.027707597371101927
GSE63060,GSE63061,1000,source_plus_target,GSM1539603,0,0.261623240345324
GSE63060,GSE63061,1000,source_plus_target,GSM1539685,0,0.9265972124978958
GSE63060,GSE63061,1000,source_plus_target,GSM1539498,0,0.3850553789793159
GSE63060,GSE63061,1000,source_plus_target,GSM1539515,1,0.7063356353754157
GSE63060,GSE63061,1000,source_plus_target,GSM1539582,1,0.8952355791601302
GSE63060,GSE63061,1000,source_plus_target,GSM1539516,1,0.326436928037461
GSE63060,GSE63061,1000,source_plus_target,GSM1539533,1,0.06963021314720416
GSE63060,GSE63061,1000,source_plus_target,GSM1539480,0,0.33643230914472394
GSE63060,GSE63061,1000,source_plus_target,GSM1539511,1,0.9989418176638052
GSE63060,GSE63061,1000,source_plus_target,GSM1539699,0,0.23998176854437
GSE63060,GSE63061,1000,source_plus_target,GSM1539593,1,0.9996519743850563
GSE63060,GSE63061,1000,source_plus_target,GSM1539581,1,0.7962510939787139
GSE63060,GSE63061,1000,source_plus_target,GSM1539459,0,0.6873479994437842
GSE63060,GSE63061,1000,source_plus_target,GSM1539770,0,0.1522752778974302
GSE63060,GSE63061,1000,source_plus_target,GSM1539546,1,0.2389819938416449
GSE63060,GSE63061,1000,source_plus_target,GSM1539440,0,0.7632683885621002
GSE63060,GSE63061,1000,source_plus_target,GSM1539715,0,0.423322664967523
GSE63060,GSE63061,1000,source_plus_target,GSM1539788,1,0.02012547827365192
GSE63060,GSE63061,1000,source_plus_target,GSM1539605,0,0.13794522988077035
GSE63060,GSE63061,1000,source_plus_target,GSM1539673,1,0.28296068811497443
GSE63060,GSE63061,1000,source_plus_target,GSM1539621,0,0.3815823484774006
GSE63060,GSE63061,1000,source_plus_target,GSM1539539,1,0.9361991136163621
GSE63060,GSE63061,1000,source_plus_target,GSM1539462,0,0.4697788526256243
GSE63060,GSE63061,1000,source_plus_target,GSM1539560,1,0.8166204408700777
GSE63060,GSE63061,1000,source_plus_target,GSM1539497,0,0.02586005954724189
GSE63060,GSE63061,1000,source_plus_target,GSM1539570,1,0.4702525496728392
GSE63060,GSE63061,1000,source_plus_target,GSM1539617,0,0.03277674055653591
GSE63060,GSE63061,1000,source_plus_target,GSM1539562,1,0.984284230840263
GSE63060,GSE63061,1000,source_plus_target,GSM1539779,0,0.0002604001691427153
GSE63060,GSE63061,1000,source_plus_target,GSM1539596,0,0.21564828410864748
GSE63060,GSE63061,1000,source_plus_target,GSM1539763,1,0.999979627501487
GSE63060,GSE63061,1000,source_plus_target,GSM1539762,0,0.10531746818554515
GSE63060,GSE63061,1000,source_plus_target,GSM1539727,1,0.8333133011815144
GSE63060,GSE63061,1000,source_plus_target,GSM1539697,1,0.9934976233712028
GSE63060,GSE63061,1000,source_plus_target,GSM1539542,1,0.02250897247498077
GSE63060,GSE63061,1000,source_plus_target,GSM1539796,0,0.48009126039664884
GSE63060,GSE63061,1000,source_plus_target,GSM1539569,0,0.7674661715619618
GSE63060,GSE63061,1000,source_plus_target,GSM1539441,0,0.7002691642730984
GSE63060,GSE63061,1000,source_plus_target,GSM1539745,0,0.0005632419019520374
GSE63060,GSE63061,1000,source_plus_target,GSM1539649,0,0.8431491181034916
GSE63060,GSE63061,1000,source_plus_target,GSM1539538,1,0.3114177342499451
GSE63060,GSE63061,1000,source_plus_target,GSM1539713,1,0.9517803463296032
GSE63060,GSE63061,1000,source_plus_target,GSM1539718,1,0.9517506459225745
GSE63060,GSE63061,1000,source_plus_target,GSM1539692,1,0.6717159959956712
GSE63060,GSE63061,1000,source_plus_target,GSM1539626,1,0.8979017052349514
GSE63060,GSE63061,1000,source_plus_target,GSM1539619,1,0.9999866736759537
GSE63060,GSE63061,1000,source_plus_target,GSM1539757,0,0.656895402210384
GSE63060,GSE63061,1000,source_plus_target,GSM1539777,1,0.9872484001640133
GSE63060,GSE63061,1000,source_plus_target,GSM1539634,1,0.997597999827745
GSE63060,GSE63061,1000,source_plus_target,GSM1539476,0,0.853815977561092
GSE63060,GSE63061,1000,source_plus_target,GSM1539670,0,0.007853874443517947
GSE63060,GSE63061,1000,null_label_permutation,GSM1539752,1,0.34753325953078373
GSE63060,GSE63061,1000,null_label_permutation,GSM1539545,1,0.8457236569339931
GSE63060,GSE63061,1000,null_label_permutation,GSM1539487,0,0.9821706542953647
GSE63060,GSE63061,1000,null_label_permutation,GSM1539773,1,0.024458318007036222
GSE63060,GSE63061,1000,null_label_permutation,GSM1539523,1,0.1859081332047543
GSE63060,GSE63061,1000,null_label_permutation,GSM1539453,0,0.002511274617281759
GSE63060,GSE63061,1000,null_label_permutation,GSM1539720,1,0.9639509639134303
GSE63060,GSE63061,1000,null_label_permutation,GSM1539711,0,0.09875738629948713
GSE63060,GSE63061,1000,null_label_permutation,GSM1539537,1,0.3681301898205107
GSE63060,GSE63061,1000,null_label_permutation,GSM1539769,1,0.9998643635368917
GSE63060,GSE63061,1000,null_label_permutation,GSM1539686,0,0.15269451679889562
GSE63060,GSE63061,1000,null_label_permutation,GSM1539471,0,0.9972788495454852
GSE63060,GSE63061,1000,null_label_permutation,GSM1539780,1,0.9961305242437345
GSE63060,GSE63061,1000,null_label_permutation,GSM1539491,0,0.9807444785936702
GSE63060,GSE63061,1000,null_label_permutation,GSM1539525,1,0.8769845359340757
GSE63060,GSE63061,1000,null_label_permutation,GSM1539460,0,0.02269898362598461
GSE63060,GSE63061,1000,null_label_permutation,GSM1539768,1,0.9964954641837299
GSE63060,GSE63061,1000,null_label_permutation,GSM1539607,0,0.11378427540044454
GSE63060,GSE63061,1000,null_label_permutation,GSM1539496,0,0.5583415114332978
GSE63060,GSE63061,1000,null_label_permutation,GSM1539604,1,0.037242300635821145
GSE63060,GSE63061,1000,null_label_permutation,GSM1539555,0,0.9971311082048357
GSE63060,GSE63061,1000,null_label_permutation,GSM1539510,0,0.022865121187038047
GSE63060,GSE63061,1000,null_label_permutation,GSM1539714,0,0.025407839285881976
GSE63060,GSE63061,1000,null_label_permutation,GSM1539468,0,0.20094567099364585
GSE63060,GSE63061,1000,null_label_permutation,GSM1539678,1,0.8705013569259885
GSE63060,GSE63061,1000,null_label_permutation,GSM1539647,1,0.11930671483258735
GSE63060,GSE63061,1000,null_label_permutation,GSM1539702,0,0.8824265906319367
GSE63060,GSE63061,1000,null_label_permutation,GSM1539514,1,0.3050778399106423
GSE63060,GSE63061,1000,null_label_permutation,GSM1539616,1,0.9829155325862442
GSE63060,GSE63061,1000,null_label_permutation,GSM1539733,1,0.9588961507764223
GSE63060,GSE63061,1000,null_label_permutation,GSM1539502,0,0.8150114802062991
GSE63060,GSE63061,1000,null_label_permutation,GSM1539603,0,0.014824739238817499
GSE63060,GSE63061,1000,null_label_permutation,GSM1539685,0,0.975372490468039
GSE63060,GSE63061,1000,null_label_permutation,GSM1539498,0,0.10368633513341693
GSE63060,GSE63061,1000,null_label_permutation,GSM1539515,1,0.0914938374201488
GSE63060,GSE63061,1000,null_label_permutation,GSM1539582,1,0.007017116376761361
GSE63060,GSE63061,1000,null_label_permutation,GSM1539516,1,0.018934939048112758
GSE63060,GSE63061,1000,null_label_permutation,GSM1539533,1,0.47812556335482786
GSE63060,GSE63061,1000,null_label_permutation,GSM1539480,0,2.0086083404270802e-05
GSE63060,GSE63061,1000,null_label_permutation,GSM1539511,1,0.9249134076394162
GSE63060,GSE63061,1000,null_label_permutation,GSM1539699,0,0.09572518742105252
GSE63060,GSE63061,1000,null_label_permutation,GSM1539593,1,0.5849357956580965
GSE63060,GSE63061,1000,null_label_permutation,GSM1539581,1,0.37785357636217115
GSE63060,GSE63061,1000,null_label_permutation,GSM1539459,0,0.5240940899265304
GSE63060,GSE63061,1000,null_label_permutation,GSM1539770,0,0.20587891851075
GSE63060,GSE63061,1000,null_label_permutation,GSM1539546,1,0.011788683600335146
GSE63060,GSE63061,1000,null_label_permutation,GSM1539440,0,0.31381196064439676
GSE63060,GSE63061,1000,null_label_permutation,GSM1539715,0,0.8438516864581738
GSE63060,GSE63061,1000,null_label_permutation,GSM1539788,1,0.9641600335922323
GSE63060,GSE63061,1000,null_label_permutation,GSM1539605,0,0.9974640715806304
GSE63060,GSE63061,1000,null_label_permutation,GSM1539673,1,0.9994804537097458
GSE63060,GSE63061,1000,null_label_permutation,GSM1539621,0,0.04785549074708624
GSE63060,GSE63061,1000,null_label_permutation,GSM1539539,1,0.9970993510209302
GSE63060,GSE63061,1000,null_label_permutation,GSM1539462,0,0.48045656605871356
GSE63060,GSE63061,1000,null_label_permutation,GSM1539560,1,0.0960324713660929
GSE63060,GSE63061,1000,null_label_permutation,GSM1539497,0,0.19335239274955193
GSE63060,GSE63061,1000,null_label_permutation,GSM1539570,1,0.04960365191478881
GSE63060,GSE63061,1000,null_label_permutation,GSM1539617,0,0.0022985517530557113
GSE63060,GSE63061,1000,null_label_permutation,GSM1539562,1,0.16208003901920012
GSE63060,GSE63061,1000,null_label_permutation,GSM1539779,0,0.7110469898568156
GSE63060,GSE63061,1000,null_label_permutation,GSM1539596,0,0.9437745191999537
GSE63060,GSE63061,1000,null_label_permutation,GSM1539763,1,0.010448780686487063
GSE63060,GSE63061,1000,null_label_permutation,GSM1539762,0,0.12475249776094151
GSE63060,GSE63061,1000,null_label_permutation,GSM1539727,1,0.06410525681511738
GSE63060,GSE63061,1000,null_label_permutation,GSM1539697,1,0.11824867215432192
GSE63060,GSE63061,1000,null_label_permutation,GSM1539542,1,0.19573067195122215
GSE63060,GSE63061,1000,null_label_permutation,GSM1539796,0,0.9558428303016172
GSE63060,GSE63061,1000,null_label_permutation,GSM1539569,0,0.025134611259145817
GSE63060,GSE63061,1000,null_label_permutation,GSM1539441,0,0.21573829929232471
GSE63060,GSE63061,1000,null_label_permutation,GSM1539745,0,0.999763082636516
GSE63060,GSE63061,1000,null_label_permutation,GSM1539649,0,0.7581020426685063
GSE63060,GSE63061,1000,null_label_permutation,GSM1539538,1,0.3263754122638009
GSE63060,GSE63061,1000,null_label_permutation,GSM1539713,1,0.9947506139094776
GSE63060,GSE63061,1000,null_label_permutation,GSM1539718,1,0.03092551263798324
GSE63060,GSE63061,1000,null_label_permutation,GSM1539692,1,0.8102898843262955
GSE63060,GSE63061,1000,null_label_permutation,GSM1539626,1,0.2040234054883357
GSE63060,GSE63061,1000,null_label_permutation,GSM1539619,1,0.9890330076017861
GSE63060,GSE63061,1000,null_label_permutation,GSM1539757,0,0.05377450812013796
GSE63060,GSE63061,1000,null_label_permutation,GSM1539777,1,0.9985205107298037
GSE63060,GSE63061,1000,null_label_permutation,GSM1539634,1,0.7241180402843751
GSE63060,GSE63061,1000,null_label_permutation,GSM1539476,0,0.9958689465048581
GSE63060,GSE63061,1000,null_label_permutation,GSM1539670,0,0.6780843445793924
GSE63061,GSE63060,1000,target_only,GSM1539197,1,0.9986712262804799
GSE63061,GSE63060,1000,target_only,GSM1539120,0,0.018433912196459467
GSE63061,GSE63060,1000,target_only,GSM1539182,0,0.8650948407964041
GSE63061,GSE63060,1000,target_only,GSM1539121,0,0.0008514645645220689
GSE63061,GSE63060,1000,target_only,GSM1539176,0,0.7377438399099248
GSE63061,GSE63060,1000,target_only,GSM1539189,1,0.999325106646068
GSE63061,GSE63060,1000,target_only,GSM1539186,1,0.2426401595622889
GSE63061,GSE63060,1000,target_only,GSM1539248,1,0.999931557464238
GSE63061,GSE63060,1000,target_only,GSM1539218,1,0.9990089358831183
GSE63061,GSE63060,1000,target_only,GSM1539190,1,0.9952955163558771
GSE63061,GSE63060,1000,target_only,GSM1539335,0,0.06048135557619879
GSE63061,GSE63060,1000,target_only,GSM1539304,1,0.9955245155972453
GSE63061,GSE63060,1000,target_only,GSM1539351,0,0.08619286200264714
GSE63061,GSE63060,1000,target_only,GSM1539156,0,0.9998246876354402
GSE63061,GSE63060,1000,target_only,GSM1539227,1,0.0006357724787548613
GSE63061,GSE63060,1000,target_only,GSM1539151,0,0.013655292319110661
GSE63061,GSE63060,1000,target_only,GSM1539286,1,0.9999869793146065
GSE63061,GSE63060,1000,target_only,GSM1539233,1,0.996368160716027
GSE63061,GSE63060,1000,target_only,GSM1539160,0,0.005176656433204633
GSE63061,GSE63060,1000,target_only,GSM1539237,1,0.9993575157115984
GSE63061,GSE63060,1000,target_only,GSM1539346,0,0.1236808907389048
GSE63061,GSE63060,1000,target_only,GSM1539178,0,0.5795360459203509
GSE63061,GSE63060,1000,target_only,GSM1539257,1,0.9955773046040008
GSE63061,GSE63060,1000,target_only,GSM1539284,1,0.9998898053673325
GSE63061,GSE63060,1000,target_only,GSM1539326,1,0.9680837630124182
GSE63061,GSE63060,1000,target_only,GSM1539167,0,0.9174155349677656
GSE63061,GSE63060,1000,target_only,GSM1539339,0,0.0001449987845541392
GSE63061,GSE63060,1000,target_only,GSM1539358,0,0.0033864321038467467
GSE63061,GSE63060,1000,target_only,GSM1539316,1,0.9829653517407402
GSE63061,GSE63060,1000,target_only,GSM1539366,0,0.04053639172641884
GSE63061,GSE63060,1000,target_only,GSM1539200,1,0.9996215172861539
GSE63061,GSE63060,1000,target_only,GSM1539305,1,0.9805802779315113
GSE63061,GSE63060,1000,target_only,GSM1539264,1,0.16269415817161026
GSE63061,GSE63060,1000,target_only,GSM1539302,1,0.9954740615192099
GSE63061,GSE63060,1000,target_only,GSM1539266,1,0.9999825946130685
GSE63061,GSE63060,1000,target_only,GSM1539213,1,0.8334414423045581
GSE63061,GSE63060,1000,target_only,GSM1539133,0,0.0002580694286522372
GSE63061,GSE63060,1000,target_only,GSM1539148,0,0.4240890554622155
GSE63061,GSE63060,1000,target_only,GSM1539212,1,0.9926113909774839
GSE63061,GSE63060,1000,target_only,GSM1539220,1,0.9999390904081935
GSE63061,GSE63060,1000,target_only,GSM1539281,1,0.8672969201577525
GSE63061,GSE63060,1000,target_only,GSM1539275,1,0.9767931304242886
GSE63061,GSE63060,1000,target_only,GSM1539179,0,0.5684694055575548
GSE63061,GSE63060,1000,target_only,GSM1539328,1,0.9999647605149795
GSE63061,GSE63060,1000,target_only,GSM1539177,0,0.23507818521807655
GSE63061,GSE63060,1000,target_only,GSM1539356,0,0.7112790140285612
GSE63061,GSE63060,1000,target_only,GSM1539338,0,0.14641915875864642
GSE63061,GSE63060,1000,target_only,GSM1539353,0,0.10580514214844229
GSE63061,GSE63060,1000,target_only,GSM1539236,1,0.9913872087330848
GSE63061,GSE63060,1000,target_only,GSM1539171,0,0.9968590115840156
GSE63061,GSE63060,1000,target_only,GSM1539289,1,0.5165951630237876
GSE63061,GSE63060,1000,target_only,GSM1539194,1,0.9833015130958829
GSE63061,GSE63060,1000,target_only,GSM1539262,1,0.9993949710786113
GSE63061,GSE63060,1000,target_only,GSM1539139,0,0.4129633708557937
GSE63061,GSE63060,1000,target_only,GSM1539199,1,0.979556646186983
GSE63061,GSE63060,1000,target_only,GSM1539263,1,0.987830155063235
GSE63061,GSE63060,1000,target_only,GSM1539279,1,0.9365990762758334
GSE63061,GSE63060,1000,target_only,GSM1539292,1,0.9907386071305166
GSE63061,GSE63060,1000,target_only,GSM1539288,1,0.9995972377448165
GSE63061,GSE63060,1000,target_only,GSM1539308,1,0.9807303388767975
GSE63061,GSE63060,1000,target_only,GSM1539320,1,0.995730359781733
GSE63061,GSE63060,1000,target_only,GSM1539226,1,0.9851608455677895
GSE63061,GSE63060,1000,target_only,GSM1539360,0,0.05549072204290934
GSE63061,GSE63060,1000,target_only,GSM1539188,1,0.9985948753129887
GSE63061,GSE63060,1000,target_only,GSM1539365,0,0.8899244852655891
GSE63061,GSE63060,1000,target_only,GSM1539361,0,0.04546399508602928
GSE63061,GSE63060,1000,target_only,GSM1539350,0,0.8231756379657955
GSE63061,GSE63060,1000,target_only,GSM1539222,1,0.9967614642216661
GSE63061,GSE63060,1000,target_only,GSM1539232,1,0.992766832614185
GSE63061,GSE63060,1000,target_only,GSM1539250,1,0.9989859727160482
GSE63061,GSE63060,1000,target_only,GSM1539321,1,0.9840334520518459
GSE63061,GSE63060,1000,target_only,GSM1539247,1,0.9955229725566196
GSE63061,GSE63060,1000,target_only,GSM1539140,0,0.006700770173916402
GSE63061,GSE63060,1000,target_only,GSM1539142,0,0.7674597410586798
GSE63061,GSE63060,1000,target_only,GSM1539170,0,0.0024555393007789695
GSE63061,GSE63060,1000,source_only,GSM1539197,1,1.0
GSE63061,GSE63060,1000,source_only,GSM1539120,0,0.9999999999980091
GSE63061,GSE63060,1000,source_only,GSM1539182,0,0.9999999999999958
GSE63061,GSE63060,1000,source_only,GSM1539121,0,1.0
GSE63061,GSE63060,1000,source_only,GSM1539176,0,0.9999999999935292
GSE63061,GSE63060,1000,source_only,GSM1539189,1,1.0
GSE63061,GSE63060,1000,source_only,GSM1539186,1,1.0
GSE63061,GSE63060,1000,source_only,GSM1539248,1,1.0
GSE63061,GSE63060,1000,source_only,GSM1539218,1,1.0
GSE63061,GSE63060,1000,source_only,GSM1539190,1,1.0
GSE63061,GSE63060,1000,source_only,GSM1539335,0,1.0
GSE63061,GSE63060,1000,source_only,GSM1539304,1,1.0
GSE63061,GSE63060,1000,source_only,GSM1539351,0,0.9999999999996454
GSE63061,GSE63060,1000,source_only,GSM1539156,0,1.0
GSE63061,GSE63060,1000,source_only,GSM1539227,1,1.0
GSE63061,GSE63060,1000,source_only,GSM1539151,0,1.0
GSE63061,GSE63060,1000,source_only,GSM1539286,1,1.0
GSE63061,GSE63060,1000,source_only,GSM1539233,1,1.0
GSE63061,GSE63060,1000,source_only,GSM1539160,0,0.9999999999918459
GSE63061,GSE63060,1000,source_only,GSM1539237,1,1.0
GSE63061,GSE63060,1000,source_only,GSM1539346,0,1.0
GSE63061,GSE63060,1000,source_only,GSM1539178,0,1.0
GSE63061,GSE63060,1000,source_only,GSM1539257,1,1.0
GSE63061,GSE63060,1000,source_only,GSM1539284,1,1.0
GSE63061,GSE63060,1000,source_only,GSM1539326,1,1.0
GSE63061,GSE63060,1000,source_only,GSM1539167,0,1.0
GSE63061,GSE63060,1000,source_only,GSM1539339,0,0.9999999999999887
GSE63061,GSE63060,1000,source_only,GSM1539358,0,0.9999999999999671
GSE63061,GSE63060,1000,source_only,GSM1539316,1,1.0
GSE63061,GSE63060,1000,source_only,GSM1539366,0,0.9999999758206729
GSE63061,GSE63060,1000,source_only,GSM1539200,1,1.0
GSE63061,GSE63060,1000,source_only,GSM1539305,1,1.0
GSE63061,GSE63060,1000,source_only,GSM1539264,1,1.0
GSE63061,GSE63060,1000,source_only,GSM1539302,1,1.0
GSE63061,GSE63060,1000,source_only,GSM1539266,1,1.0
GSE63061,GSE63060,1000,source_only,GSM1539213,1,1.0
GSE63061,GSE63060,1000,source_only,GSM1539133,0,0.9999999728287429
GSE63061,GSE63060,1000,source_only,GSM1539148,0,0.9999999999999998
GSE63061,GSE63060,1000,source_only,GSM1539212,1,0.9999999999999973
GSE63061,GSE63060,1000,source_only,GSM1539220,1,1.0
GSE63061,GSE63060,1000,source_only,GSM1539281,1,0.9999999999999998
GSE63061,GSE63060,1000,source_only,GSM1539275,1,1.0
GSE63061,GSE63060,1000,source_only,GSM1539179,0,1.0
GSE63061,GSE63060,1000,source_only,GSM1539328,1,1.0
GSE63061,GSE63060,1000,source_only,GSM1539177,0,0.9999999999930946
GSE63061,GSE63060,1000,source_only,GSM1539356,0,1.0
GSE63061,GSE63060,1000,source_only,GSM1539338,0,0.9999999999999996
GSE63061,GSE63060,1000,source_only,GSM1539353,0,1.0
GSE63061,GSE63060,1000,source_only,GSM1539236,1,1.0
GSE63061,GSE63060,1000,source_only,GSM1539171,0,1.0
GSE63061,GSE63060,1000,source_only,GSM1539289,1,0.9999999999999802
GSE63061,GSE63060,1000,source_only,GSM1539194,1,1.0
GSE63061,GSE63060,1000,source_only,GSM1539262,1,0.9999999999999987
GSE63061,GSE63060,1000,source_only,GSM1539139,0,0.999999999997581
GSE63061,GSE63060,1000,source_only,GSM1539199,1,0.999999999999998
GSE63061,GSE63060,1000,source_only,GSM1539263,1,1.0
GSE63061,GSE63060,1000,source_only,GSM1539279,1,1.0
GSE63061,GSE63060,1000,source_only,GSM1539292,1,1.0
GSE63061,GSE63060,1000,source_only,GSM1539288,1,1.0
GSE63061,GSE63060,1000,source_only,GSM1539308,1,1.0
GSE63061,GSE63060,1000,source_only,GSM1539320,1,1.0
GSE63061,GSE63060,1000,source_only,GSM1539226,1,0.9999999999999372
GSE63061,GSE63060,1000,source_only,GSM1539360,0,1.0
GSE63061,GSE63060,1000,source_only,GSM1539188,1,1.0
GSE63061,GSE63060,1000,source_only,GSM1539365,0,1.0
GSE63061,GSE63060,1000,source_only,GSM1539361,0,0.9999999999999758
GSE63061,GSE63060,1000,source_only,GSM1539350,0,1.0
GSE63061,GSE63060,1000,source_only,GSM1539222,1,1.0
GSE63061,GSE63060,1000,source_only,GSM1539232,1,1.0
GSE63061,GSE63060,1000,source_only,GSM1539250,1,1.0
GSE63061,GSE63060,1000,source_only,GSM1539321,1,1.0
GSE63061,GSE63060,1000,source_only,GSM1539247,1,1.0
GSE63061,GSE63060,1000,source_only,GSM1539140,0,1.0
GSE63061,GSE63060,1000,source_only,GSM1539142,0,0.9999999999999172
GSE63061,GSE63060,1000,source_only,GSM1539170,0,0.9999999999999953
GSE63061,GSE63060,1000,source_plus_target,GSM1539197,1,0.833979426923644
GSE63061,GSE63060,1000,source_plus_target,GSM1539120,0,0.0063252570632794155
GSE63061,GSE63060,1000,source_plus_target,GSM1539182,0,0.8755019642058877
GSE63061,GSE63060,1000,source_plus_target,GSM1539121,0,0.007515104373583656
GSE63061,GSE63060,1000,source_plus_target,GSM1539176,0,0.42144061602630467
GSE63061,GSE63060,1000,source_plus_target,GSM1539189,1,0.9996524376006685
GSE63061,GSE63060,1000,source_plus_target,GSM1539186,1,0.3197817290672695
GSE63061,GSE63060,1000,source_plus_target,GSM1539248,1,0.9999822484297921
GSE63061,GSE63060,1000,source_plus_target,GSM1539218,1,0.9971857189103239
GSE63061,GSE63060,1000,source_plus_target,GSM1539190,1,0.9971072427829344
GSE63061,GSE63060,1000,source_plus_target,GSM1539335,0,0.8351937510576513
GSE63061,GSE63060,1000,source_plus_target,GSM1539304,1,0.9659224847564396
GSE63061,GSE63060,1000,source_plus_target,GSM1539351,0,0.0746984430901922
GSE63061,GSE63060,1000,source_plus_target,GSM1539156,0,0.953236633434531
GSE63061,GSE63060,1000,source_plus_target,GSM1539227,1,0.0913222772785911
GSE63061,GSE63060,1000,source_plus_target,GSM1539151,0,0.004819752778361669
GSE63061,GSE63060,1000,source_plus_target,GSM1539286,1,0.9999406881941992
GSE63061,GSE63060,1000,source_plus_target,GSM1539233,1,0.9982130213826335
GSE63061,GSE63060,1000,source_plus_target,GSM1539160,0,0.0013406484322448272
GSE63061,GSE63060,1000,source_plus_target,GSM1539237,1,0.9600435273719472
GSE63061,GSE63060,1000,source_plus_target,GSM1539346,0,0.10053629076689788
GSE63061,GSE63060,1000,source_plus_target,GSM1539178,0,0.5775553088917538
GSE63061,GSE63060,1000,source_plus_target,GSM1539257,1,0.9975405472449731
GSE63061,GSE63060,1000,source_plus_target,GSM1539284,1,0.9998087874902403
GSE63061,GSE63060,1000,source_plus_target,GSM1539326,1,0.9819360894615461
GSE63061,GSE63060,1000,source_plus_target,GSM1539167,0,0.9220575576017244
GSE63061,GSE63060,1000,source_plus_target,GSM1539339,0,0.012570349383600025
GSE63061,GSE63060,1000,source_plus_target,GSM1539358,0,0.0014086142539480946
GSE63061,GSE63060,1000,source_plus_target,GSM1539316,1,0.9360311025928922
GSE63061,GSE63060,1000,source_plus_target,GSM1539366,0,0.00283072313396777
GSE63061,GSE63060,1000,source_plus_target,GSM1539200,1,0.9995715086141255
GSE63061,GSE63060,1000,source_plus_target,GSM1539305,1,0.8626436074906298
GSE63061,GSE63060,1000,source_plus_target,GSM1539264,1,0.011971912463803846
GSE63061,GSE63060,1000,source_plus_target,GSM1539302,1,0.8215563020788695
GSE63061,GSE63060,1000,source_plus_target,GSM1539266,1,0.995158459630749
GSE63061,GSE63060,1000,source_plus_target,GSM1539213,1,0.031022810235036096
GSE63061,GSE63060,1000,source_plus_target,GSM1539133,0,0.0003415475644925106
GSE63061,GSE63060,1000,source_plus_target,GSM1539148,0,0.38585447884785934
GSE63061,GSE63060,1000,source_plus_target,GSM1539212,1,0.9771889891895367
GSE63061,GSE63060,1000,source_plus_target,GSM1539220,1,0.9995571569117725
GSE63061,GSE63060,1000,source_plus_target,GSM1539281,1,0.9403855861470453
GSE63061,GSE63060,1000,source_plus_target,GSM1539275,1,0.9519153511681957
GSE63061,GSE63060,1000,source_plus_target,GSM1539179,0,0.23673381814463632
GSE63061,GSE63060,1000,source_plus_target,GSM1539328,1,0.9996172545536065
GSE63061,GSE63060,1000,source_plus_target,GSM1539177,0,0.9617349814975911
GSE63061,GSE63060,1000,source_plus_target,GSM1539356,0,0.8784348725124338
GSE63061,GSE63060,1000,source_plus_target,GSM1539338,0,0.011682944866797208
GSE63061,GSE63060,1000,source_plus_target,GSM1539353,0,0.5105966710245841
GSE63061,GSE63060,1000,source_plus_target,GSM1539236,1,0.8890199699365341
GSE63061,GSE63060,1000,source_plus_target,GSM1539171,0,0.7811839667885112
GSE63061,GSE63060,1000,source_plus_target,GSM1539289,1,0.5260553936706321
GSE63061,GSE63060,1000,source_plus_target,GSM1539194,1,0.9907408687410362
GSE63061,GSE63060,1000,source_plus_target,GSM1539262,1,0.9596102529058803
GSE63061,GSE63060,1000,source_plus_target,GSM1539139,0,0.044711452572323986
GSE63061,GSE63060,1000,source_plus_target,GSM1539199,1,0.22083844719602272
GSE63061,GSE63060,1000,source_plus_target,GSM1539263,1,0.9951163165983286
GSE63061,GSE63060,1000,source_plus_target,GSM1539279,1,0.9986855591081016
GSE63061,GSE63060,1000,source_plus_target,GSM1539292,1,0.9872089391317197
GSE63061,GSE63060,1000,source_plus_target,GSM1539288,1,0.9997935687441923
GSE63061,GSE63060,1000,source_plus_target,GSM1539308,1,0.8981580385152252
GSE63061,GSE63060,1000,source_plus_target,GSM1539320,1,0.9593094070047675
GSE63061,GSE63060,1000,source_plus_target,GSM1539226,1,0.9917412739920566
GSE63061,GSE63060,1000,source_plus_target,GSM1539360,0,0.7230273588028967
GSE63061,GSE63060,1000,source_plus_target,GSM1539188,1,0.6863488924875731
GSE63061,GSE63060,1000,source_plus_target,GSM1539365,0,0.8161973633257358
GSE63061,GSE63060,1000,source_plus_target,GSM1539361,0,0.025898199548300846
GSE63061,GSE63060,1000,source_plus_target,GSM1539350,0,0.5391112079260223
GSE63061,GSE63060,1000,source_plus_target,GSM1539222,1,0.9964268123893093
GSE63061,GSE63060,1000,source_plus_target,GSM1539232,1,0.9997226064742395
GSE63061,GSE63060,1000,source_plus_target,GSM1539250,1,0.9996792181148818
GSE63061,GSE63060,1000,source_plus_target,GSM1539321,1,0.9728874556795076
GSE63061,GSE63060,1000,source_plus_target,GSM1539247,1,0.9982749778290052
GSE63061,GSE63060,1000,source_plus_target,GSM1539140,0,0.1412309724065931
GSE63061,GSE63060,1000,source_plus_target,GSM1539142,0,0.24585129305327907
GSE63061,GSE63060,1000,source_plus_target,GSM1539170,0,0.035203747744662006
GSE63061,GSE63060,1000,null_label_permutation,GSM1539197,1,0.008791235040103334
GSE63061,GSE63060,1000,null_label_permutation,GSM1539120,0,0.8107834049981058
GSE63061,GSE63060,1000,null_label_permutation,GSM1539182,0,0.003616441391936938
GSE63061,GSE63060,1000,null_label_permutation,GSM1539121,0,0.12153462753183678
GSE63061,GSE63060,1000,null_label_permutation,GSM1539176,0,0.6520538546906302
GSE63061,GSE63060,1000,null_label_permutation,GSM1539189,1,0.18284236039429227
GSE63061,GSE63060,1000,null_label_permutation,GSM1539186,1,0.35849933571748716
GSE63061,GSE63060,1000,null_label_permutation,GSM1539248,1,0.9467493923785405
GSE63061,GSE63060,1000,null_label_permutation,GSM1539218,1,0.011674709687636836
GSE63061,GSE63060,1000,null_label_permutation,GSM1539190,1,0.24555693146236082
GSE63061,GSE63060,1000,null_label_permutation,GSM1539335,0,0.09710576059850957
GSE63061,GSE63060,1000,null_label_permutation,GSM1539304,1,0.9811735403241949
GSE63061,GSE63060,1000,null_label_permutation,GSM1539351,0,0.7078876839004312
GSE63061,GSE63060,1000,null_label_permutation,GSM1539156,0,0.13645789975705352
GSE63061,GSE63060,1000,null_label_permutation,GSM1539227,1,0.2963423919740176
GSE63061,GSE63060,1000,null_label_permutation,GSM1539151,0,0.767606552703444
GSE63061,GSE63060,1000,null_label_permutation,GSM1539286,1,0.967147575288122
GSE63061,GSE63060,1000,null_label_permutation,GSM1539233,1,0.0957997423766398
GSE63061,GSE63060,1000,null_label_permutation,GSM1539160,0,0.15230180355849884
GSE63061,GSE63060,1000,null_label_permutation,GSM1539237,1,0.8521866593059908
GSE63061,GSE63060,1000,null_label_permutation,GSM1539346,0,0.6830926371707041
GSE63061,GSE63060,1000,null_label_permutation,GSM1539178,0,0.7703042271127833
GSE63061,GSE63060,1000,null_label_permutation,GSM1539257,1,0.2197766326126797
GSE63061,GSE63060,1000,null_label_permutation,GSM1539284,1,0.02243817985342868
GSE63061,GSE63060,1000,null_label_permutation,GSM1539326,1,0.9011696598385399
GSE63061,GSE63060,1000,null_label_permutation,GSM1539167,0,0.6767501978443379
GSE63061,GSE63060,1000,null_label_permutation,GSM1539339,0,0.5290635754221679
GSE63061,GSE63060,1000,null_label_permutation,GSM1539358,0,0.4660007962217552
GSE63061,GSE63060,1000,null_label_permutation,GSM1539316,1,0.6797973262424535
GSE63061,GSE63060,1000,null_label_permutation,GSM1539366,0,0.4668610419694698
GSE63061,GSE63060,1000,null_label_permutation,GSM1539200,1,0.08198404180937235
GSE63061,GSE63060,1000,null_label_permutation,GSM1539305,1,0.5767140533068139
GSE63061,GSE63060,1000,null_label_permutation,GSM1539264,1,0.6758955843952537
GSE63061,GSE63060,1000,null_label_permutation,GSM1539302,1,0.9300067533627698
GSE63061,GSE63060,1000,null_label_permutation,GSM1539266,1,0.9292300479868527
GSE63061,GSE63060,1000,null_label_permutation,GSM1539213,1,0.19333040767062876
GSE63061,GSE63060,1000,null_label_permutation,GSM1539133,0,0.612105251752598
GSE63061,GSE63060,1000,null_label_permutation,GSM1539148,0,0.6761032599394393
GSE63061,GSE63060,1000,null_label_permutation,GSM1539212,1,0.10241448902157678
GSE63061,GSE63060,1000,null_label_permutation,GSM1539220,1,0.25301539055396904
GSE63061,GSE63060,1000,null_label_permutation,GSM1539281,1,0.9303537413273398
GSE63061,GSE63060,1000,null_label_permutation,GSM1539275,1,0.7529802550276781
GSE63061,GSE63060,1000,null_label_permutation,GSM1539179,0,0.000745199560727302
GSE63061,GSE63060,1000,null_label_permutation,GSM1539328,1,0.5113977140357052
GSE63061,GSE63060,1000,null_label_permutation,GSM1539177,0,0.8204152212158689
GSE63061,GSE63060,1000,null_label_permutation,GSM1539356,0,0.8347221053014888
GSE63061,GSE63060,1000,null_label_permutation,GSM1539338,0,0.9821002758669601
GSE63061,GSE63060,1000,null_label_permutation,GSM1539353,0,0.9935026474703313
GSE63061,GSE63060,1000,null_label_permutation,GSM1539236,1,0.5546061344937621
GSE63061,GSE63060,1000,null_label_permutation,GSM1539171,0,0.13373606713454084
GSE63061,GSE63060,1000,null_label_permutation,GSM1539289,1,0.12038048856836354
GSE63061,GSE63060,1000,null_label_permutation,GSM1539194,1,0.797845787386572
GSE63061,GSE63060,1000,null_label_permutation,GSM1539262,1,0.06295602677806798
GSE63061,GSE63060,1000,null_label_permutation,GSM1539139,0,0.4899101096961782
GSE63061,GSE63060,1000,null_label_permutation,GSM1539199,1,0.04927147046234603
GSE63061,GSE63060,1000,null_label_permutation,GSM1539263,1,0.9961175615877875
GSE63061,GSE63060,1000,null_label_permutation,GSM1539279,1,0.9100923219144931
GSE63061,GSE63060,1000,null_label_permutation,GSM1539292,1,0.4160823754791967
GSE63061,GSE63060,1000,null_label_permutation,GSM1539288,1,0.9920748693807429
GSE63061,GSE63060,1000,null_label_permutation,GSM1539308,1,0.04233341809482539
GSE63061,GSE63060,1000,null_label_permutation,GSM1539320,1,0.9567430027874546
GSE63061,GSE63060,1000,null_label_permutation,GSM1539226,1,0.9998099033625918
GSE63061,GSE63060,1000,null_label_permutation,GSM1539360,0,0.47393916539446157
GSE63061,GSE63060,1000,null_label_permutation,GSM1539188,1,0.9423138914856319
GSE63061,GSE63060,1000,null_label_permutation,GSM1539365,0,0.4488775844868815
GSE63061,GSE63060,1000,null_label_permutation,GSM1539361,0,0.9634944957148764
GSE63061,GSE63060,1000,null_label_permutation,GSM1539350,0,0.9402415400962171
GSE63061,GSE63060,1000,null_label_permutation,GSM1539222,1,0.05416332011644071
GSE63061,GSE63060,1000,null_label_permutation,GSM1539232,1,0.9885215430454826
GSE63061,GSE63060,1000,null_label_permutation,GSM1539250,1,0.27001729816653375
GSE63061,GSE63060,1000,null_label_permutation,GSM1539321,1,0.18995417859999683
GSE63061,GSE63060,1000,null_label_permutation,GSM1539247,1,0.41252204164062306
GSE63061,GSE63060,1000,null_label_permutation,GSM1539140,0,0.3440946964970134
GSE63061,GSE63060,1000,null_label_permutation,GSM1539142,0,0.17750764113060594
GSE63061,GSE63060,1000,null_label_permutation,GSM1539170,0,0.5193865242165799
